row_data,주제,내용,상세내용,주장/검증매체
0,경제,새마을금고 회장 다시 구속 기로…“오해하고 있는 부분 있다”,"사모펀드로부터 금품을 수수한 혐의를 받는 박차훈 새마을금고중앙회장이 두 번째 구속기로에 놓였습니다. 서울동부지법은 오늘(17일) 오후 2시 30분부터 특정경제범죄가중처벌법상 수재 혐의로 박 회장에 대한 영장심사를 진행하고 있습니다. 오후 2시 10분쯤 동부지법에 도착한 박 회장은 ‘구속영장 재청구한 것에 대해 어떻게 생각하나’라는 취재진 질문에 “안에 들어가서 충분히” 라고 답했습니다. 이어 ‘펀드 출자 대가로 뒷돈 1억 원 넘게 받으신 것 인정하나’, ‘직원들로부터 황금 도장과 수천만 원 받은 것 인정하나’, ‘변호사비 대납 혐의 인정하나’ 등의 질문에는 답하지 않았습니다. 마지막으로 ‘한 말씀 해달라’는 질문에 “오해하고 있는 부분이 있다”고 짧게 답하며 들어갔습니다. 앞서 서울동부지검 형사6부(부장검사 서현욱)는 첫 영장이 기각된 지 7일 만인 지난 15일 박 회장에게 구속영장을 다시 청구했습니다. 검찰은 “첫 영장 기각 뒤 보완 수사를 했다”며, “사안이 중대하고 증거인멸 우려가 크고 다른 사건과 형평성을 고려했다”고 재청구 이유를 설명했습니다. 박 회장은 2018년 새마을금고가 3천억 원대 펀드 출자금을 유치해 준 특정 자산운용업체로부터 변호사 고문료 등의 명목으로 수천만 원대 금품을 수수한 혐의를 받고 있습니다. 검찰은 지난 3일 박 회장을 피의자 신분으로 소환 조사한 뒤 다음날 특경가법상 수재 혐의로 구속영장을 청구했지만, 법원은 상당 부분 혐의가 어느 정도 소명된 것으로 보이며, 박 회장의 방어권 보장이 필요하다는 이유로 이를 기각했습니다. 앞서 박 회장의 측근으로 알려진 캐피탈 업체 최 모 부사장과 새마을금고중앙회 기업금융부 임원은 지난 6월 같은 혐의로 구속돼 재판에 넘겨졌습니다.[사진 출처 : 연합뉴스]■ 제보하기▷ 전화 : 02-781-1234, 4444▷ 이메일 : kbs1234@kbs.co.kr▷ 카카오톡 : 'KBS제보' 검색, 채널 추가▷ 네이버, 유튜브에서 KBS뉴스를 구독해주세요!",KBS
1,경제,‘금품수수 혐의’ 새마을금고회장 구속영장 재청구,"사모펀드로부터 금품을 수수한 혐의를 받는 박차훈 새마을금고중앙회장에 대해 검찰이 구속영장을 다시 청구했습니다. 서울 동부지검 형사6부(부장검사 서현욱)는 첫 영장이 기각된 지 7일 만인 어제(15일) 박 회장에게 특정경제범죄가중처벌법상 수재 혐의를 적용해 구속영장을 청구했습니다. 검찰은 “첫 영장 기각 뒤 보완 수사를 했다”며, “사안이 중대하고 증거인멸 우려가 크고 다른 사건과 형평성을 고려했다”고 재청구 이유를 설명했습니다. 영장심사는 내일 오후에 서울 동부지법에서 열릴 예정입니다. 박 회장은 2018년 새마을금고가 3천억 원대 펀드 출자금을 유치해 준 특정 자산운용업체로부터 변호사 고문료 등의 명목으로 수천만 원대 금품을 수수한 혐의를 받고 있습니다. 검찰은 지난 3일 박 회장을 피의자 신분으로 소환 조사한 뒤 다음날 특경가법상 수재 혐의로 구속영장을 청구했지만, 법원은 방어권 보장이 필요하다는 이유로 이를 기각했습니다. 앞서 박 회장의 측근으로 알려진 캐피탈 업체 최 모 부사장과 새마을금고중앙회 기업금융부 임원은 지난 6월 같은 혐의로 구속돼 재판에 넘겨졌습니다.[사진 출처 : 연합뉴스]■ 제보하기▷ 전화 : 02-781-1234, 4444▷ 이메일 : kbs1234@kbs.co.kr▷ 카카오톡 : 'KBS제보' 검색, 채널 추가▷ 네이버, 유튜브에서 KBS뉴스를 구독해주세요!",KBS
2,경제,[단독]박차훈 새마을금고회장 두 번째 피의자 조사···“황금도장 수수” 혐의도,"박차훈 새마을금고중앙회장이 지난 8일 구속 전 피의자 심문(영장심사)을 받기 위해 서울동부지법으로 들어가고 있다. 연합뉴스검찰이 1억여원의 불법 자금을 수수한 혐의로 박차훈 새마을금고중앙회장(66)을 다시 불러 조사했다. 검찰이 청구한 박 회장의 구속영장이 기각된 지 6일 만이다. 박 회장은 인사 대가로 800만원어치의 황금도장을 받고, 임원들로부터 2년간 약 8000만원을 수수한 혐의도 받고 있다.경향신문 취재 결과 서울동부지검 형사6부(부장검사 서현욱)는 14일 오후부터 박 회장을 피의자 신분으로 불러 조사하고 있다. 지난 3일 조사 후 두 번째이자 법원이 지난 8일 박 회장의 구속영장을 기각한 후 첫 조사이다.박 회장은 3000억원대의 새마을금고 출자를 받은 자산운용사에서 1억여원의 뒷돈을 받은 혐의(특정경제범죄가중처벌 등에 관한 법률상 수재)를 받고 있다.2018년 중앙회장 선거를 하면서 대의원 등에게 금품을 제공한 혐의(새마을금고법 위반)로 재판에 넘겨졌을 때 출자를 받은 사모펀드가 박 회장의 변호사비 5000만원을 대납한 혐의도 있다.검찰은 박 회장이 전직 직원 A씨로부터 박 회장 부부의 이름이 새겨진 800만원 상당의 황금도장 2개를 받은 혐의도 수사하고 있다. A씨는 중앙회 자회사 대표로 선임됐다.박 회장이 이사 3~4명에게서 업무추진비 명목으로 매달 약 100만원씩 2년간 약 8000만원을 수수한 혐의도 검찰 수사 대상이다.검찰은 지난 4일 박 회장의 사전구속영장을 청구했지만 신현일 서울동부지법 부장판사는 “범죄사실 중 상당 부분 혐의가 소명된다”면서도 “방어권을 보장할 필요가 있고 도망할 염려가 있다고 보기 어렵다”며 기각했다.검찰은 “10년 이상의 징역에 해당하는 중범죄이고 지속해서 증거인멸을 시도해 수사에 막대한 지장을 초래한 점까지 확인됐는데도 증거인멸에 대해 판단은 하지 않은 채 방어권 보장이 필요하다는 이유로 기각한 것은 이해하기 어렵다”며 영장 재청구를 검토하겠다고 밝혔다.박 회장은 핵심 혐의 중 하나인 1억원 수수 의혹을 처음에는 부인했으나 검찰이 금품 전달자인 류혁 새마을금고중앙회 신용공제 대표(60)가 찍힌 폐쇄회로(CC)TV 등 증거를 제시하자 정당한 명목으로 받은 금품이라고 주장한 것으로 전해졌다.검찰은 류 대표의 구속영장도 청구했으나 법원은 기각했다. 법원은 류 대표가 영장 기각 후 기존과 달리 진술하며 검찰 수사에 협조한 점을 박 회장의 영장 기각 사유로 제시했다. 반면 검찰은 류 대표가 수사에 협조하는 것과 별개로 관련된 물적증거와 박 회장의 증거인멸 정황이 더 중요하다는 견해다.한편 금융당국은 검찰의 박 회장 수사가 새마을금고 대량인출사태(뱅크런) 등으로 확산하지 않도록 상황 점검을 계속하고 있다.",경향신문
3,경제,‘금품수수 혐의’ 새마을금고중앙회장 구속영장 기각,"사모펀드로부터 금품을 수수한 혐의를 받는 박차훈 새마을금고중앙회장에 대한 구속영장이 기각됐습니다. 서울동부지법(영장전담 부장판사 신현일)은 오늘(8일) 특정경제범죄가중처벌법상 수재 혐의를 받는 박 회장에 대한 구속영장을 기각했습니다. 검찰은 ""10년 이상의 징역에 해당하는 중범죄이고 지속적 증거인멸을 시도해 수사에 막대한 지장을 초래한 점이 확인됐음에도 방어권 보장이 필요하다는 이유로 법원에서 기각한 것은 납득 하기 어렵다""고 밝혔습니다. 검찰은 또한, ""최 회장보다 훨씬 적은 금액을 수수한 새마을금고 직원도 구속기소 되어 실형이 선고된 것과 균형이 맞지 않는다""며 영장 재청구를 검토하겠다는 방침입니다. 오늘 오후 2시 30분에 열린 구속영장 심사에 들어가기 전 박 회장은 ""금품수수 혐의를 인정하느냐""는 취재진의 질문에 ""아닙니다""라고 짧게 답했습니다. 박 회장은 2018년 새마을금고가 3천억 원대 펀드 출자금을 유치해 준 특정 자산운용업체로부터 변호사 고문료 등의 명목으로 수천만 원 대 금품을 수수한 혐의를 받고 있습니다. 검찰은 지난 3일 박 회장을 피의자 신분으로 소환 조사한 뒤, 다음날 특경가법상 수재 혐의로 구속영장을 청구했습니다. 앞서 박 회장의 측근으로 알려진 캐피탈 업체 최 모 부사장과 새마을금고중앙회 기업금융부 임원은 지난 6월 같은 혐의로 구속돼 재판에 넘겨졌습니다.[사진 출처 : 연합뉴스]■ 제보하기▷ 전화 : 02-781-1234, 4444▷ 이메일 : kbs1234@kbs.co.kr▷ 카카오톡 : 'KBS제보' 검색, 채널 추가▷ 네이버, 유튜브에서 KBS뉴스를 구독해주세요!",KBS
4,경제,[특별기고] 은행은 국민의 금고다,"백자욱 창원대 경영대학장



최근 은행권의 직원 횡령 사건들이 심심치 않게 보도되고 있다. 경남, 우리, 하나, 국민, 신한, 기업은행 등은 물론 서민금융기관인 새마을금고, 지역농협, 신협, 수협, 저축은행, 그리고 심지어 보험회사에서도 쉽게 접할 수 있을 만큼 횡령 등 비리 사건이 빈번하게 발생하고 있다. 일반 제조회사들이 눈에 보이는 상품을 만드는 것과 달리 금융(은행)산업은 사람이 물품 대신 돈을 취급하기 때문에 인지(人紙) 산업이라고도 한다. 이런 사고가 나기 쉬운 금융산업의 건전성과 안정성을 유지하기 위해 국가는 다른 산업에 비해 더 많은 법을 제정해 규제를 강화하고 있다. 돈을 취급하는 금융맨이 판단을 잘못하게 되면 한순간에 나락으로 빠지는 위험성을 지니고 있어서다.따라서 은행에 입사하게 되면 제일 먼저 받는 교육이 도덕 의식교육이다. 즉 은행에서 다루는 돈은 돈이 아니라 그냥 상품이라는 교육을 받는다. 은행원 개인 통장으로 들어오는 돈만 은행원이 사적으로 사용할 수 있는 돈이라고 하는 직장 철칙을 귀가 따가울 정도로 듣게 된다. 하지만 이런 직업의식도 한 분야에서 오래 근무하다 보면 희미해지기 시작한다. 개인의 사적 욕망이 직장에서 지켜야 하는 도덕적·법적 준수 의지를 능가하게 될 때 비리가 발생하게 된다. 비리 사태를 초기에 발견해 조치하지 못하게 되면 큰 사고로 이어진다.바늘 도둑이 소도둑 되는 것처럼 처음 시작이 어렵지 일단 작은 비리를 저지르게 되면 그때부터는 한 분야에서 오래 근무하면서 터득한 노하우까지 동원해 개인 욕망을 충족하고자 교묘하고 엄청난 비리로 발전시킨다. 즉, 그 작은 비리를 감추기 위해 규모가 점점 더 커지고 은밀해지게 된다. 이럴 때 우리가 양질의 규제·감독 시스템을 가지고 있다면 사건이 더 확대되기 전에 이를 잡아낼 수 있다. 그러면 은행 이미지와 사회적 신뢰감이 유지된다. 이런 튼튼한 통제 차단벽이 정상적으로 작동되도록 하는 것이 은행의 내부자나 관계기관에서 해야 할 일이라고 생각한다.하지만 최근 일어나는 은행 횡령비리를 접하면서 느끼는 것은 감독시스템이 있기는 한가 하는 의문점이다. 금융산업의 감독기관은 여러 단계로 첩첩이 구성돼 있다. 1차적으로는 은행 내부 감사기관과 이사회가 있다. 은행 감사부서는 막강한 힘으로 일일 마감된 장부상 잔액과 은행 금고상 잔액을 매일 꼼꼼하게 확인한다. 설사 허위 대출로 이뤄진 경우라 하더라도 일정 금액 이상의 대출서류는 다시 본사 검증부서로 이송돼 사후 관리를 받게 돼 있다. 이런 절차를 거친 뒤 은행은 외부 감독기관의 감사를 받는다. 그 첫째는 적정의견을 받기 위해 회계기관으로부터 회계감사를 받아야 한다. 그리고 최종적으로 금융감독원의 감사를 정기적으로 받는다.이런 감독기관들조차 은행 비리를 적발할 수 없는 이유를 나열해본다면 비리가 대형화되기 전엔 발견할 수 없을 정도로 너무나 정교했거나 감독시스템에 문제가 있었거나 감독행위 자체를 너무 소홀히 했거나 하는 점을 들 수 있겠다. 최근에 거의 모든 시중·지방·저축은행에서 비리가 총체적으로 일어나고 있는 점에 비춰본다면 모든 단계의 감독 부문에서 문제가 있다고 지적하지 않을 수 없다. 경남은행의 경우 2010년에도 유사한 비리 사건이 발생했음에도 철저한 감독시스템을 구축하지 못한 것은 해당 은행의 임원뿐만 아니라 감독 책임을 맡고 있는 회계감사 및 금융감독원에도 책임이 있다고 보여진다. 따라서 감독기관에 철저한 책임을 물어 다시는 이 같은 비리가 발붙일 수 없도록 해야 할 것이다.은행은 국민의 금고다. 가정의 금고가 무너지면 가정경제가 무너지듯 국민의 금고 역할을 하는 은행의 신뢰가 무너지면 나라경제가 무너지는 것은 한순간이다.백자욱 창원대 경영대학장",국민일보
5,경제,[르포]호주 땅속으로 사라진 이산화탄소…SK도 달려간 ‘탄소중립 성지’,"[탄소 줄게 수소 다오]①오트웨이 CCS 실증센터기후위기 주범인 이산화탄소를 액체와 기체 중간인 초임계 상태로 만들어 땅에 묻는다. 이 이산화탄소는 땅속 물에 용해되고 시간이 갈수록 딱딱하게 굳는다. 국제에너지기구(IEA)는 이산화탄소를 지하에 영원히 가두는 이 방법을 활용하지 않으면 2050년 탄소중립은 불가능하다고 봤다. 지금 당장 탄소배출을 제로(0)로 만들 수 없으니 가장 현실적인 대안이자 탄소중립 핵심 수단으로 CCS가 필요하다는 것이다. 그런데 이산화탄소를 땅에 묻어도 과연 안전한 걸까?CCS(Carbon Capture and Storage)라 불리는 '이산화탄소 포집 및 저장'의 안전성을 검증하는 호주 오트웨이 국제 CCS 실증센터를 15일 찾았다. 서울 여의도만한 땅(4.5㎢)에 이산화탄소 9만5000t을 묻었다. 세계 CCS 실증센터 중에서 가장 큰 규모다. 차로 10분 거리엔 주택가가 있다. 이산화탄소가 묻힌 땅 바로 위에선 소들이 한가로이 풀을 뜯어 먹고 있었다. 사람들이 말하지 않으면 아무런 소리가 들리지 않을 정도로 사방이 고요했다. ""눈으로 보기엔 아무 일도 일어나지 않는 것 같지만 땅속에선 무언가 일이 벌어지고 있습니다.""



호주 오트웨이 국제 CCS 실증센터 내 이산화탄소 주입정 설비 [사진제공=SK E&S]박용찬 한국지질자원연구원 이산화탄소 지중저장연구센터 책임연구원은 ""지하에 주입한 이산화탄소가 주변으로 어떻게 얼마나 퍼지는지 탐지하는 모니터링 기술을 연구개발하고 있다""며 이같이 말했다. 소량의 첨가제를 넣어 다른 물질과 구분할 수 있도록 한 이산화탄소를 주입한다. 이동 경로를 관찰하기 위해 이산화탄소에 일종의 꼬리표를 다는 셈이다. 지질자원연구원은 2008년부터 이곳에서 이산화탄소 지중저장기술 연구에 참여하고 있다.



15일 폴 바라클로그 CO2CRC 최고운영책임자(COO)가 호주 오트웨이 국제 CCS 실증센터 내 이산화탄소(CO2) 가스전 앞지층 안내판에서 이산화탄소 저장 덮개암을 가리키고 있다. 덮개암 바로 아래 이산화탄소를 저장하는 지층이 있다. [사진=최서윤 기자]오트웨이 프로젝트는 2004년 시작했고 부지 안정성 등의 검증을 거쳐 2008년 2000m 깊이 고갈된 가스전에 이산화탄소 6만5000t을 주입했다. 가스를 채굴하고 나면 빈 곳이 생긴다. 그 공간에 이산화탄소를 저장한다.고갈 가스전은 CCS 사업을 하는 기업들엔 '귀한 몸'이다. 가스를 뽑아내면서 장기간 축적된 지층 데이터를 활용해 이산화탄소 주입과 저장을 안정적으로 할 수 있기 때문이다. 이산화탄소를 땅속에 주입할 때 가스를 빼내던 기존 설비를 그대로 사용하면 되기 때문에 비용을 절감할 수 있는 장점도 있다.



호주 오트웨이 국제 CCS 실증센터 내에 방목 중인 소 [사진=최서윤 기자]셰브론, 쉘 등 글로벌 메이저 석유기업들은 치열한 CCS 광구 운영권 입찰 경쟁을 벌이고 있다. 일본, 이탈리아 에너지 기업들도 적극적으로 달려들고 있다. 저장소는 한정돼 있고 뛰어드는 기업들은 많은 상황에 다른 회사 분량을 빼앗아 와야 자사 저장 분량을 챙길 수 있다. 한국에선 SK E&S가 국내 기업 최초로 호주 고갈 가스전을 확보해 현지에서 CCS 사업을 추진 중이다. 호주 북서부 해상의 바로사 가스전에서 천연가스가 생산되면, 생산과정에서 포집된 이산화탄소가 해저 파이프라인을 타고 인근 고갈 가스전인 바유운단(Bayu Undan)으로 운송돼 지하 3㎞ 사암층에 영구히 저장되는 사업이다. SK E&S는 지난해 호주 이산화탄소 저장소 탐사권 입찰에서 산토스, 셰브론과 함께 G-11-AP 광구 운영권도 획득했다. CCS는 수소를 생산하는 과정에서 발생하는 이산화탄소를 처리하는 데에도 활용될 수 있다.



15일 호주 빅토리아주 오트웨이 국제 CCS 실증센터에서 데이비드 위탐 CO2CRC 수소 프로그램 리더가 이산화탄소 주입정에 대해 설명하고 있다. [사진=최서윤 기자]오트웨이 센터는 2009년 인근 땅속 1500m의 대염수층(帶鹽水層)에도 이산화탄소 1만5000t을 주입했다. 염분 농도가 높은 대염수층은 분포 범위가 넓고 미세한 구멍이 많은 다공질의 암석이라 많은 양의 이산화탄소를 저장할 수 있다. 2015년에도 1만5000t의 이산화탄소를 주입했다. 이때부터 발전된 모니터링 기술이 적용됐다. 이산화탄소를 땅속에 주입하는 시추공에 광섬유를 설치했다. 트럭이 땅 위를 다니면서 지중 압력을 가하면 광섬유 탄성파 모니터링 기술을 통해 땅속 이산화탄소 움직임을 확인하는 기술이다. 그전까지 6개월에 한 번씩 땅속 이미지 데이터를 얻었지만 이 기술을 통해 이틀 간격으로 관측할 수 있게 됐다.



이산화탄소 저장 암석(왼쪽)과 덮개암 [사진=최서윤 기자]CCS 저장 지층 바로 위에는 이산화탄소가 땅 위로 누출되지 않도록 막아주는 덮개암이 있다. 고온과 고압 상태에서 진흙과 먼지가 압축돼 침적물로 형성된 진흙암이 일종의 코르크 마개 같은 역할을 한다.우리나라에서 개발한 기술도 이곳에 와서 실증한다. 박 연구원은 ""세계 최초로 주입과 저장의 효율을 10~20% 개선하는 기술을 개발 중""이라며 ""압력을 더 낮게 유지해서 더 많이 더 안전하게 이산화탄소를 저장할 수 있다""고 설명했다.



호주 오트웨이 국제 CCS 실증센터 입구 전경 [사진=최서윤 기자]전문가들은 자연지진으로 인한 누출이나 이산화탄소 저장으로 인한 인공지진 유발 위험은 거의 없다고 본다. 오트웨이 실증센터를 운영하는 호주 국책연구기관 CO2CRC의 폴 바라클로그 최고운영책임자(COO)는 ""최악의 상황을 가정하더라도 저장소는 800m 이상의 깊은 지하에 있기 때문에 지층 여러개가 덮고 있어서 땅 위로 누출될 가능성은 없다""며 ""이산화탄소는 기름이나 가스 성분보다 다루기 용이해 안정적으로 보관할 수 있다""고 했다. 박 연구원도 ""이산화탄소가 노출될 정도의 지진이라면 수십만년 이상 저장돼 온 천연가스 저장소에서도 벌써 새어 나왔어야 하지만 그런 사례는 없다""고 했다.



15일 호주 오트웨이 국제 CCS 실증센터에서 박용찬 지질자원연구원 이산화탄소 지중저장연구센터 책임연구원이 CCS 기술에 대해 설명하고 있다. [사진=최서윤 기자]CCS로 감축한 이산화탄소는 탄소배출권으로도 인정받을 수 있다. 호주 내 기업들은 이산화탄소 배출량을 줄이거나 흡수하는 활동을 통해 ACCU(Australian Carbon Credit Unit)라는 호주탄소배출권을 받는다. 탄소 배출을 초과하거나 배출량이 적을 경우 기업끼리 서로 사고팔 수 있다. 유럽연합의 경우 CCS에 저장한 이산화탄소를 ‘배출되지 않음’으로 간주한다.마틴 퍼거슨 CO2CRC 회장은 ""호주는 상업적으로 운영 가능한 잠재 이산화탄소 저장소이자 해상 고갈 유가스전을 다수 보유하고 있다""며 ""호주 의회에서는 해외에서 배출한 이산화탄소를 호주로 수입해 저장할 수 있는 법안이 하원을 통과했고 상원 통과를 앞두고 있다""고 했다.



마틴 퍼거슨 CO2CRC 회장이 지난 14일 기자들 질문에 답하고 있다. [사진제공=SK E&S]",아시아경제
6,경제,[르포] 초원 2㎞ 지하에 탄소 10만톤 저장… 호주 CCS 실증센터,"주요국 연구원들 모여 CCS 기술 고도화  2050년까지 76억톤 저장해야 ‘탄소중립’  “주민 수용성은 과제…소통 늘리는 방법뿐”        15일 호주 남부 빅토리아주 멜버른에서 남서쪽으로 약 250㎞ 떨어진 니란다. 양쪽으로 펼쳐지는 초원을 끼고 3시간가량을 달려 호주 국책 연구기관 CO2CRC가 운영하는 오트웨이 탄소포집·저장(CCS) 국제 실증센터를 찾았다. 소들이 돌아다니는 초원 한복판에 위치한 실증센터 입구에는 호주 국기와 태극기가 함께 펄럭이고 있었다.CCS는 화석 연료를 사용할 때 배출되는 이산화탄소(CO₂)를 모아 석유·가스전이 있었던 바다 깊은 곳이나 땅 밑에 영구적으로 묻는 것을 말한다. 전 세계적으로 탄소중립의 중요성이 커지면서 CCS 관련 투자가 늘고 있다. 오트웨이 실증센터는 지난 2004년 설립된 세계 최대 규모 CCS 테스트베드로 현지 기관, 연구소와 글로벌 에너지 기관이 기술 개발을 진행하고 있다. 한국은 한국지질자원연구원이 2008년부터 연구 협력을 해왔다.



호주 오트웨이 국제 CCS 실증센터 내에 위치한 이산화탄소(CO₂) 주입정 설비. /권유정 기자        폴 바라클로그 호주 CO2CRC 최고운영책임자(COO·Chief Operating Officer)는 “CCS는 검증(proven)되고 실증되는(demonstrated) 안전한(safe) 기술”이라고 거듭 강조했다. 그는 “오트웨이 실증센터는 현재까지 9만5000톤(t) 규모의 탄소를 주입한 뒤 안정적으로 관리하고 있다”며 “관측정과 광섬유를 활용해 저장된 탄소 움직임을 모니터링하는 기술도 꾸준히 개발하고 있다”고 말했다.오트웨이 실증센터에는 탄소가 자연적으로 발생하고 지하에 탄소를 저장할 수 있는 고갈가스전과 대염수층이 모두 존재한다. 실험 도구와 장소가 동시에 충족되는 만큼 실증 연구에는 최적이라는 평가다. 고갈가스전은 센터 지면에서 2㎞ 아래, 대염수층은 1.5㎞ 깊이에 있다. 수백만 년 동안 쌓인 두꺼운 암석층이 코르크 마개처럼 버티고 있어 탄소 유출 가능성이 거의 없다.최근 주요국을 중심으로 넷제로(탄소 순배출량 제로) 공감대가 형성되면서, CCS에 대한 관심이 높아지고 있다. CCS는 화석연료 의존도를 낮추는 과정에서 탄소중립을 위한 가장 현실적인 징검다리 기술(Bridge Technology)로 꼽힌다. 초기 기술 개발 비용 부담이 있을 수 있지만, 중장기적으로는 탄소배출권 거래보다 CCS를 도입하는 게 경제적이란 분석이 나온다.바라클로그 COO는 “호주뿐 아니라 에너지 수입 의존도가 높은 한국도 미래를 위해 CCS가 반드시 필요하다”며 “5000만명이 넘는 인구가 향후 급증하는 에너지 수요와 탄소중립을 함께 달성하려면 CCS를 비롯한 여러 가지 에너지 신기술을 개발하고 적용해야 한다”고 했다.



호주 국책 연구기관인 CO2CRC의 폴 바라클로그 최고운영책임자가 15일(현지 시각) 호주 오트웨이 국제 CCS 실증센터에서 이산화탄소 가스전에 대해 설명하고 있다. /SK E&S 제공        지질자원연구원에 따르면 지난해 9월 기준 전 세계에서 운영 중인 CCS 설비는 20개로 현재까지 약 4258만t 규모의 탄소가 처리됐다. 중장기 탄소중립을 실현하려면 오는 2040년 40억t, 2050년에는 76억t 규모의 탄소를 CCS로 포집해야 한다는 게 연구원 측 설명이다. 포스코 공장에서 연간 배출하는 탄소 7850만t(2021년 기준)의 약 100배를 저장해야 한다는 의미다.다만 풍력, 수소 연료전지, 소형모듈원자로(SMR) 등 다른 재생에너지 발전시설과 마찬가지로 CCS에 대한 주민 수용성은 해결해야 할 과제다. 글로벌 환경단체를 중심으로 국내 상당수 지자체는 환경 오염이나 보상금 등을 이유로 인근 지역에 발전소가 들어오는 것에 반대한다. 오트웨이 실증센터도 설립 초기 비슷한 고충을 겪었지만, 수년간 꾸준히 소통을 시도한 끝에 지역 주민을 설득할 수 있었다.바라클로그 COO는 “토지 소유주들은 실증센터 설립에 10년 가까이 반발했다”며 “낯선 기술에 대한 막연한 두려움이 컸던 만큼 주기적으로 소통하는 자리를 마련해 오해를 풀려고 노력하고 있다”고 말했다. 그는 “시간이 오래 걸려도 기술의 필요성과 안정성을 알려서 주민들로부터 신뢰를 확보하는 게 중요하다”며 “보상금은 아니지만 토지를 사용하는 대가로 소유주들에게 리스료를 납부하고 있다”고 했다.오트웨이 실증센터 안팎에서는 CO2CRC가 지역사회와 맺은 관계의 흔적을 쉽게 찾아볼 수 있다. 실증센터 주변 초원에는 주민들이 키우는 소들이 자유롭게 돌아다녔다. 건물 곳곳에는 커뮤니티 소식지가 비치돼 있는데 민간 기업과의 신규 협력이나 펀딩 사례를 소개하는 내용이 담겼다. 일 년에 한 번 주민들을 실증센터로 초대하는 오픈데이 행사 안내문도 붙어있었다. 오픈데이에 방문하는 주민들은 CCS 사이트를 둘러보고, 직원들과 함께 바비큐 파티를 하면서 친목을 쌓는다고 한다.",조선비즈
7,경제,[르포] 땅속에 CO₂ 수만톤 저장…탄소중립 '기회의 땅',"호주 오트웨이 CCS 실증센터폐가스전·대염수층 기체 유출 막아2004년부터 3단계 실증과정 순조글로벌 연구진, 기술 안정성 고도화韓, 화석연료 수입 대응 당면과제대규모 저장소 확보·기술개발 시급



폴 바라클로프 CO2CRC 최고운영책임자(COO)가 15일(현지시간) 호주 오트웨이 CCS 실증센터에서 CO₂가스전에 대해 설명하고 있다.“지금 여러분이 밟고 있는 땅 아래 수만 톤의 이산화탄소(CO₂)가 저장돼 있습니다”지난 15일(현지시간) 호주 빅토리아주 멜버른에서 차로 3시간쯤 달려 도착한 오트웨이 국제 탄소포집·저장(CCS) 실증센터. 폴 바라클로프 CO2CRC 최고운영책임자(COO)는 CCS 실증을 통해 가장 안전하고 확실한 CO₂ 저장 방법을 연구하고 있다며 이 같이 말했다.호주 국책 연구기관인 CO2CRC가 2004년부터 운영 중인 이곳은 4.5㎢ 면적의 광활한 초원을 무대로 CCS 실증을 진행 중이다. 현존하는 실증 사이트 중 최대 규모로 호주 정부 산하기관 및 대학 연구소를 비롯해 글로벌 에너지 기관에서 나온 다국적 연구원이 CCS 기술 안정성을 고도화하고 비용을 절감하는 방안을 찾고 있다.◇지층에 갇힌 CO₂, 영구 격리호주 정부가 오트웨이를 실증지로 낙점한 것은 CCS 연구의 최적 조건을 모두 갖추고 있었기 때문이다. 앞서 호주 최대 자원개발 업체 산토스가 이곳에서 가스전 탐사에 나섰고 그 결과 매장 가스에 CO₂가 80% 이상 포함돼 있다는 것을 확인했다. 채산성이 떨어진다는 이유로 산토스가 포기한 가스전은 CO₂ 포집의 최적지가 됐다. CO₂를 저장할 수 있는 폐가스전, 대염수층 또한 모두 존재했다. 폐가스전과 대염수층은 기체가 상부로 이동하지 못하게 막아주는 덮개층이 있기 때문에 CO₂ 또한 유출되지 않는다.2004년부터 시작한 실증은 현재 3단계를 지났다. 폐가스전을 대상으로 진행한 1단계에선 총 6만5000톤의 CO₂를 묻었다. 2단계에선 대염수층에 1만5000톤을 저장했다. CO₂를 기체, 액체의 경계인 초임계 유체 상태로 각각 지하 1.5㎞ 및 2㎞의 폐가스전과 대염수층에 주입했고 물에 용해된 CO₂가 지층의 공극에 안정한 상태로 저장되는 것을 확인했다. 이렇게 저장된 CO₂는 시간이 흐르면 탄산칼슘으로 변한다. 광석화하는데 수백만년이 걸리긴 하지만 CO₂를 영구격리할 수 있는 가장 확실한 방법으로 CCS가 꼽히는 이유다.3단계에선 모니터링 방법을 고도화했다. 센서 역할을 하는 지오폰을 광섬유 기반 음향 감지 시스템으로 대체했다. 지층에 주입한 CO₂의 움직임을 3차원으로 파악할 수 있게 됐고 25일이 걸리던 모니터링 주기가 3일로 단축됐다. 한국지질자원연구원은 초기부터 연구에 참여해 모니터링 방법, CO₂ 확산 속도 개선 등 과제에서 역할을 수행했다.바라클로프 COO는 “최초 CO₂를 주입한 것은 2008년으로 지금까지 지상으로 올라오지 않고 안전하게 저장된 것을 확인했다”면서 “가스전이나 대염수층은 수만년동안의 지진 등에서 견딘 지층으로 CO₂의 저장 안정성이 충분히 입증됐다”고 강조했다.



호주 오트웨이 국제 CCS 실증센터 내에 위치한 CO₂ 주입정 설비.◇세계가 주목하는 CCS오트웨이 실증 프로젝트는 세계 최대 천연가스 수출국인 호주의 고민에서 시작됐다. 호주는 2022년 기준 약 162Bcm(Billion Cubic Meter, 약 1억 2300만톤)의 천연가스를 생산, 이 중 70%를 수출했다. 천연가스 생산 과정에서 필연적으로 CO₂가 발생한다. 호주에게 CCS는 국부의 원천인 화석연료 수출과 탄소중립이라는 두 마리 토끼를 모두 잡을 수 있는 핵심 기술이다.지난해 5월 집권에 성공한 호주 노동당은 CCS 산업 활성화를 탄소중립 달성의 핵심 방안으로 보고 관련 정책을 펼치고 있다. 최근 원활한 '국가간 CO₂ 이송'을 위한 국제협약 비준을 위한 관련 법안을 하원을 거쳐 상원에 상정했으며 승인을 앞뒀다. 해외에서 발생한 CO₂를 들여와 저장하는 사업을 상용화하기 위한 포석이다.각국 기업, 연구기관도 걸음을 맞추고 있다. 미국 셰브론은 오트웨이에서 현재 진행 중인 프로젝트에 1600만 호주달러를 투자 예정이다. CO2CRC 역시 약 4000만 호주달러 규모의 외부 펀딩을 계획중이다. 엑손모빌, 쉘, BP 등 글로벌 오일·가스 기업이 CO2CRC와 협업에 나섰다. 지난해 2월 CO2CRC는 SK E&S를 비롯해 한국 K-CCUS추진단, 한국무역보험공사와 CCS 사업 협력 관련 다자간 업무협약을 체결했다.◇CCS, 탄소중립 필수기술...저장 잠재력 확보는 숙제국제에너지기구(IEA)는 '2050 글로벌 탄소중립 시나리오'에서 “CCS기술이 없다면 지구 온도 상승을 1.5도로 제한하는 목표를 달성하는 것이 사실상 불가능하다”고 단언했다. CCS 기술 기여도는 총 감축량의 18% 수준으로 제시했다. 단일 기술로는 탄소감축에 가장 크게 기여하는 수치다.유엔 산하 '기후위기에 관한 정부 간 협의체'(IPCC)도 지난 3월 'CCS 기술의 적극 활용'을 권고하는 내용의 보고서를 발표했다.현재 세계에서 상업 운영중인 CCS 프로젝트는 30여개에 이른다. 지난해 기준 계획된 사업을 모두 합치면 총 CO₂ 처리 용량은 2억 4400만 톤에 이른다. 신규 개발 중인 CCS 프로젝트도 160여개를 넘어섰으며 평균 CO₂ 주입량도 지속 증가해 최근 3년간 연 1000만톤 이상의 대규모 프로젝트 운영 계획이 연이어 발표됐다.



오트웨이 CCS 실증 개념도. 사진 제공 C02CRC박용찬 지질자원연구원 박사는 “신재생에너지 만으로는 탄소중립을 달성할 수 없고 화석연료 또한 사용을 완전히 규제할 수 없다”면서 “CCS를 탄소중립의 주요 수단으로 활용할 수 밖에 없는 상황에서 각국이 경제성과 상용 사이트 확보에 매달리고 있다”고 말했다.우리나라는 최근 '제1차 국가 탄소중립 녹색성장 기본계획' 정부안을 통해 2030년 탄소배출량을 2018년 배출량 대비 40% 감축할 계획이라고 밝혔다. 정부는 이번안에서 CCUS 기술을 활용한 탄소 배출량 감축 목표치를 기존 1030만 톤보다 많은 1120만 톤으로 상향했다. 제조업이 GDP의 약 25%를 차지하는 한국의 현실에서 탄소 저감과 동시에 산업경쟁력을 유지하기 위해 CCS가 반드시 필요하다고 본 것이다.화석연료 대부분을 해외에서 수입하는 우리나라 상황을 봐도 CCS는 당면 과제다. 세계 각국이 화석연료 수출, 개발 과정에서 발생하는 CO₂ 처리를 의무화할 것으로 예상된다. 호주는 이미 해당 규제를 법제화했다. 호주에서 유가스전을 수입, 개발하는 우리 기업은 당장 CO₂ 처리 의무를 준수해야 한다.이와 관련해 대규모 저장소 확보 또한 시급한 과제다. 그동안 국내 CCS 기술은 주로 석탄화력 발전소에서 발생하는 탄소를 포집하는 데 집중됐다. 우리나라는 2017년 세계에서 세번째로 탄소 저장기술의 해상 실증에 성공하는 등 기술 수준이 올라와 있으나 국가 NDC 목표 달성에 필요한 수준의 대규모 저장소 확보 노력은 미진하다.업계 관계자는 “세계 주요국이 CCS 기술 개발과 CO₂ 저장소 확보에 사활을 걸고 있는 상황에서 한국도 CO₂ 운송 관련 법률이나 제도 관련 협의를 서둘러야 한다”며 “동남아, 호주 등 아태 지역에 저장소를 확보하게 되면 운송 거리 감소로 CCS 사업의 경제성도 크게 개선될 것”이라고 말했다.",전자신문
8,경제,소떼 뛰노는 초원…땅밑 2㎞엔 이산화탄소 10만t 저장시설이,"폴 바라클로그 CO2CRC 최고운영책임자(COO)가 15일(현지시간) 호주 오트웨이 CCS 실증센터의 이산화탄소(CO2) 채취 가스전 앞에서 저장 기술에 대해 설명하고 있다. 최은경 기자           15일(현지시간) 호주 멜버른 도심에서 서남부 쪽으로 240㎞ 정도 떨어진 오트웨이 타운. 자동차로 3시간쯤 달리는 내내 소 떼가 풀을 뜯는 드넓은 초원이 펼쳐졌다. 비포장도로 옆 ‘CO2CRC’라고 적힌 작은 팻말만이 이곳에 이산화탄소(CO2) 포집·저장(CCS) 기술을 연구하고 검증하는 실증센터가 있다는 것을 알려줬다. CO2CRC는 CCS 실증센터를 운영하는 호주 연구기관이다. 여의도 면적의 1.5배인 4.5㎢ 초원에서 파이프와 계기판이 달린 기계 장치를 드문드문 발견할 수 있었다.    CCS는 발전소나 산업 현장에서 화석 연료를 사용할 때 발생하는 CO2를 분리·포집한 뒤 압축·수송해 생산이 끝난 고갈 가스전이나 깊은 지하수층(대염수층)에 저장해 격리하는 방식이다. 세계 각국이 넷제로(탄소 순배출량을 ‘0’로 만드는 것)를 목표로 내세운 가운데 기존 산업을 유지하면서도 탄소 배출량을 줄일 대안으로 주목받고 있다.      폴 바라클로그 CO2CRC 최고운영책임자는 “2004년부터 고갈 가스전과 대염수층 저장소에 9만5000t의 CO2를 주입해 현재까지 CO2가 지상에 노출되지 않고, 안전하게 저장된 것을 확인했다”며 “이는 2만3700여 대의 자동차가 한 해에 뿜어낸 CO2 배출량에 해당한다”고 설명했다.      



오트웨이 CCS 실증센터 내에서 한가로이 풀을 뜯고 있는 소떼. [사진 SK E&S]    CO2는 액체와 기체 중간인 초임계 상태로 지하 2㎞ 아래 고갈 가스전의 빈 공간이나 대염수층 물속에 갇히게 된다. 가스전에서는 두껍고 단단한 암석층이 코르크 마개 같은 역할을 한다. 호주 정부가 이곳을 CCS 입지로 정한 것은 1.5~2㎞ 깊이에 고갈 가스전과 대염수층이 모두 존재해서다. 센터가 들어선 땅은 주인이 따로 있다. 바라클로그 COO는 “집집마다 방문해 센터 설립을 설득했다”며 “땅 주인들에게 임대료를 지급하고, 매년 3월 초대 행사를 열고 있다”고 말했다. 지원금은 따로 없다.      한국지질자원연구원도 2008년부터 이곳에서 공동 연구를 진행 중이다. 박용찬 한국지질자원연구원 책임연구원은 “호주 현장 자료를 이용해 비용을 낮추면서 신뢰도를 높인 관측 기술을 개발하고, 국내 기술을 현장에 적용한다”며 “CO2가 물에 잘 녹게 하는 첨가제를 개발 중”이라고 말했다.      글로벌CCS연구소는 전 세계에서 30개의 CCS 프로젝트를 상업 운영 중이다. 지난해까지 계획된 CCS 사업으로 처리된 CO2 용량은 2억4400만t에 이를 것으로 추정한다. 마틴 퍼거슨 CO2CRC 회장은 “호주 정부는 CCS를 국가 핵심 기술로 주목한다”며 “해외에서 배출된  CO2를 호주로 수입해 저장할 수 있는 법안이 상원 통과를 앞두고 있다”고 말했다.",중앙일보
9,경제,"호주 최고 부호 ""탄소배출 '제로' 위해 원자력 발전 도입해야""","(시드니=연합뉴스)정동철 통신원 = 호주 최고 부호 지나 라인하트(69) 핸콕 프로스펙팅 회장이 호주가 탄소배출 '제로'를 달성하기 위해 재생에너지뿐 아니라 원자력 발전을 도입해야 한다고 주장했다. 



호주 최고 부호 지나 라인하트 핸콕 프로스팩팅 회장(EPA=연합뉴스)    15일 호주 일간 디오스트레일리안에 따르면, 라인하트 회장은 전날 서호주주(州)(WA) 퍼스에서 열린 '부시 서밋'(Bush Summit)에서 한 연설을 통해 원자력 활용과 지방 개발을 위한 정부 지원 확대를 역설하며 이같이 밝혔다.     그는 원자력 발전이 현재 지방 지역을 대상으로 추진되고 있는 풍력·태양열 위주의 재생에너지 프로젝트보다 더 나은 대안이라고 강조했다.     라인하트 회장은 ""농민들은 새를 죽이는 풍력 발전기나 대형 태양열 집열판 시설을 선호하지 않는다""면서 ""이 문제를 만족스럽게 해결하기 위해 깨끗하고 안전한 원자력 에너지를 도입하자""고 제안했다.     호주에서는 원자력 발전 도입과 관련해 투자 비용과 방사능 오염 가능성 등을 둘러싸고 오랫동안 찬반 논란이 있었다.     호주 최고 부호가 탄소배출 '제로'를 위해 원자력 도입을 적극 주장하고 나선 만큼 향후에 더 적극적인 논의가 이루어질 것으로 기대된다.     호주 정부는 2050년 탄소 배출 '제로'를 목표로 2030년까지 재생 에너지 비율을 82%까지 끌어 올리겠다는 정책을 시행하고 있다.     이에 대해 라인하트 회장은 ""광산업계와는 달리 농민들은 재정 여력이 부족해 전기차, 농기계, 태양열·풍력 발전 등에 20만 호주달러(약 1억7천만원) 이상 투자하기는 역부족""이라면서 ""정부가 실제적 지원을 하지 않는다면 농업 기반이 무너져 식량 안보 위기가 발생할 수 있다""고 경고하기도 했다.    라인하트 회장은 전설적인 WA 광산 사업가 랭 핸콕의 딸로서 아버지의 사업을 물려받아 철광석·석탄·농업 분야에서 호주 최대 기업을 일궈낸 인물이다.     호주의 경제신문 '오스트레일리안 파이낸셜 리뷰'가 최근 발표한 2023년 호주 부호 리스트에 따르면 라인하트 회장이 보유한 자산 가치는 374억 호주달러(약 32조3천억원)에 달한다.  dcj@yna.co.kr",연합뉴스
10,경제,"버핏의 탑픽 옥시덴탈, 탄소포집 기술업체 인수","석유업체지만 탄소포집저장 솔루션 사업 추진해와골드만삭스 ""석유업체로서  IRA 혜택 대상 가능""이 기사는 국내 최대 해외 투자정보 플랫폼 한경 글로벌마켓에 게재된 기사입니다.



미국 뉴멕시코주 홉스에 있는 Occidental Petrol Corp의 향상된 석유 회수 프로젝트에서 이산화탄소, 원유, 물을 처리하는 데 사용되는 장비의 모습. 사진=연합뉴스석유업체인 옥시덴탈석유(OXY)이 탄소포집 기술업체인 카본 엔지니어링을 10억달러(1조3,400억원)에 인수한다. 이는 탄소배출의 주범으로 꼽히는 대형 석유업체 사이에서도 탄소 저감에 대한 관심이 있음을 보여주는 사례로 꼽힌다. 16일(현지시간) CNBC에 따르면, 워렌 버핏의 버크셔 해서웨이가 대량 보유한 탑 5 종목중 하나인 옥시덴탈은 메이저급 석유생산업체이지만 탄소제거 솔루션 사업을 대폭 확장하기 위해 카본 엔지니어링을 인수한다고 전 날 발표했다. 이 거래는 연말까지 완료될 것으로 예상된다. 옥시덴탈은 탄소의 포집, 저장 및 재활용을 장기적 비즈니스로 보고 기존에 1포인트파이브라는 관련 기술 자회사를 갖고 있다. 이번에 카본엔지니어링의 인수로 옥시덴탈의 탄소 공기 포집 솔루션 출시가 앞당겨질 전망이다. 탄소 포집 저장 기술은 가스의 사용을 완전히 제거하는 대신 가스를 저장하거나 재사용함으로써 기본적으로 탄소 배출을 피할 수 없는 석유 기업들에게는 배출량의 균형을 맞출 수 있는 대안을 제공할 수 있을 것으로 기대된다. 에너지연구 회사인 우드 매킨지 자료에 따르면 지구 온난화를 산업화 이전보다 섭씨 1.5도 아래로 유지하려면 2050년까지 예상되는 탄소 배출량의 4배 이상으로 전세계 탄소 포집 저장량이 증가해야 할 것으로 추정됐다. 골드만 삭스는 탄소 포집 저장 기술 진출과 관련, 대형 석유업체가운데 처음으로 옥시덴탈이 IRA(인플레이션 감소법)의 혜택을 받을 가능성이 있다고 언급했다.  이밖에 에너지 서비스 업체인 베이커 휴즈,웨어어하우즈 등도 탄소 포집 저장 재활용 기술과 관련해 주목할만한 기업으로 꼽았다.",한국경제
11,경제,"[르포] ""발 밑에 탄소 있어요!""…호주 초원 '탄소중립 열쇠' 오트웨이 CCS 실증센터","평화로운 오트웨이 초원 밑에 자리 잡은 9만5000t의 탄소탈(脫)탄소 시대 열기 위한 가장 현실적인 대안 'CCS 기술'韓지질연구원 2008년부터 CO2 지중저장기술 연구 참여



15일(현지시간) 방문한 호주 오트웨이 국제 CCS 실증센터 입구. ⓒ데일리안 오수진 기자[호주 오트웨이 = 데일리안 오수진 기자] “지금 밟고 계신 땅 밑에 9만5000t의 이산화탄소(CO2)가 저장돼있습니다.”발 밑에 탄소가 있다니. 듣기만 해도 섬뜩하다. 주위 소떼는 자기들이 무엇을 밟고 있는 지도 모르는 지 이리저리 돌아다니며 평화롭게 풀만 뜯고 있었다. 아무리 둘러봐도 오로지 소, 구름, 잔디밖에 없는 풍경이었다. 이처럼 땅 밑에 탄소가 존재한단 얘기를 듣기 전까진, 그 누구도 곁에 몇 만t의 탄소가 함께 있단 사실을 알아차리긴 힘들 것이다. CCS(Carbon Capture and Storage) 기술의 안정성에 대한 의심을 단숨에 풀어버리는 순간이었다.박용찬 한국지질자원연구원 박사는 “주위를 보면 보시다시피 아무 이상이 없다는 것을 알 수 있을 것”이라며 “CO2는 지상으로 올라오지 않고 안전하게 저장돼있다”고 강조했다.15일(현지시간) 꼭두새벽부터 호주 빅토리아주 멜버른에서 약 4시간을 달린 끝에 오트웨이 국제 CCS 실증센터에 도착했다. 호주 국책 연구기관 CO2CRC가 2004년부터 운영 중인 실증 센터로, 4.5㎢의 면적을 갖고 있다. 세계 최대 규모다.세계 각국이 탈(脫)탄소 시대를 열기 위해 부단히 노력하고 있지만, 앞으로도 당분간은 일정 수준의 화석연료 사용은 불가피하다. 탄소를 포집·저장하는 기술인 CCS는 좋은 절충점이 될 수 있다. CCS로 석유, 천연가스 사용시 불가피하게 발생되는 CO2를 줄일 수 있으니 탄소중립(Net Zero) 달성 목표를 위한 가장 현실적인 대안이자 핵심 수단인 것이다.박용찬 한국지질자원연구원 박사는 “CCS는 계속 필요한 기술이 아닌 현재 화석연료에서 미래 신재생에너지, 수소경제를 이어주는 기술로, 이 두 사회를 잇는 ‘브릿지 테크놀러지(Bridge Technology)’”라고 표현하기도 했다.특히 제조업 비중이 큰 우리나라의 경우 화석연료 사용이 불가피하기에 CCS가 더욱 절실하지만, 현실적으로 국내에서 대규모 저장소를 확보하기는 쉽지 않은 일이다. 그렇기에 국내 한국무역보험공사, SK E&S 등은 CCS 실증센터와 협력해 이 난관을 헤쳐나가고 있다.센터에는 호주 정부 산하 기관 및 대학 연구소를 비롯한 글로벌 에너지 기관에서 나온 다국적 연구원들이 모여있다. 한국지질자원연구원은 지난 2008년부터 CO2 지중저장기술 연구에 참여해왔다. 구체적으로 한국지질연구원은 국내에서 개발된 주입·저장 효율 개선 기술을 이 현장에 적용하는 일을 하고 있다. 국내의 경우 해양 CO2 지중저장이 유일한 저장옵션이기에, 여기를 통해 저비용의 신뢰성 높은 모니터링 기술을 개발 중이다.박용찬 박사는 “이곳에서는 CCS 기술의 효율을 개선하고 있다. 아이디어 실험, 시뮬레이션 그리고 기능성을 입증하고 있다”며 “ 실제 현장 적용을 성공시키면 국내에도 적용이 가능하다. 또 해외에서도 이 기술을 사용할 수 있게 하는 기회를 만들 수도 있다”고 강조했다.



호주 오트웨이 국제 CCS 실증센터(Otway International Test Centre) 내에 위치한 이산화탄소(CO2) 주입정 설비 ⓒSK E&S총 4단계로 이뤄진 CCS 기술 연구…최종 저장 목표는 11만5000tCCS 기술 효율 개선을 위한 작업은 총 4단계로 이뤄졌다. 우선 연구원은 2004년부터 2009년까지 이뤄진 1단계 연구에서는 고갈가스전에 CO2를 주입하는 것이 안전하단 것을 확인했다. 2단계에서는 CO2가 어떤 형태로 주입돼 어떤 형태로 이동되는 지를 확인할 수 있는 이미지를 얻어냈다. 추적, 모니터링 과정이다.3단계에서는 기존 기술보다 훨씬 저렴하고 쉬운 기술을 확보했다. 박용찬 박사는 “이전까지 일반적인 모니터링 방법을 이용했다면, 3단계부터 쉽고 향상된 또 비용이 저렴한 기술을 적용하려 했다”고 설명했다.이후에는 모니터링 기술개발, 고갈가스층, 배수층 주입을 넘어선 기술 개발 등의 과정을 밟을 예정이다. 박 박사는 “어떻게 하면 더 효율적으로 CO2를 주입할 것인가. 문제는 어떻게 최소화 할까 등 효율을 높이는 방법으로 연구를 하고자 한다”고 말했다.1~3단계 거친 지금 저장된 탄소는 총 9만5000t이다. 마지막 4단계 탄소 저장 추가 목표량은 총 2만t이다. 1단계에서 6만5000t, 2~3단계에서 각각 1만5000t의 탄소가 추가로 저장됐다.



폴 바라클로그(Paul Barraclough) CO2CRC 최고운영책임자(COO, Chief Operating Officer)가 15일(현지시간) 호주 오트웨이 CCS 실증센터에서 이산화탄소(CO2) 가스전(Buttress Well)에 대해 설명하고 있다. ⓒ데일리안 오수진 기자고심 끝에 고른 실증센터 위치…안정성·효율성 모두 확보오트웨이에 실증센터가 자리 잡은 이유는 명료하다. 센터 지면 2㎞ 아래에는 고갈가스전이, 1.5㎞ 심도에는 대염수층이 존재해 CO2를 저장하고 관리하는 실증 연구를 하기에 적합한 장소다. 또 CO2가 상부로 이동하지 못하게 막아주는 덮개층도 있기에 CO2 유출 가능성도 거의 없다. 두껍고 단단한 암석층이 일종의 ‘코르크 마개’ 역할을 하고 있다.실증센터에는 3개의 CO2 주입정과 4개의 관측정이 1.5~2㎞ 깊이의 CO2 저장층과 연결돼있다. 인근 CO2 저류층에서 만들어지는 CO2 가스가 약 2m 길이의 지중 파이프라인을 타고 이곳으로 이동해 저장되는 구조다.실제 인근에는 정유사 산토스가 매각한 가스전(Buttress Well)도 위치해 있다. CO2 함량이 지나치게 높아 경제성이 없단 판단 하에 매각했다고 한다. 현재 테스트용으로 사용되고 있으며, 밸브는 잠궈진 상태다. 압력 조절만 하면 바로 생산이 가능하며, 일주일에 1000t 정도의 CO2를 생산할 수 있다. 센터는 이를 스테이지3 연구에서 이용할 계획이다.폴 바라클로그(Paul Barraclough) CO2CRC 최고운영책임자(COO)는 “이 장소를 찾기 위해 수년간 세심한 노력을 기울였다”며 “땅 속에 많은 층들이 있고 이것들이 가스를 고정하고 있어 안전하다”고 강조했다.이어 “탄소를 가져오고 적용하기에 용이한 지역으로, CO2를 포집하지 않아도, 80% 이상 퍼올려 주입할 수 있다”며 “저장소 내에서 탄소가 어떻게 퍼지고 움직이는지 좀 더 면밀히 볼 수 있다”며 “그렇기에 모니터링 기술을 정교하게 개발할 수 있다”고 설명했다.



호주 오트웨이 국제 CCS 실증센터 인근 풍경. ⓒ데일리안 오수진 기자",데일리안
12,경제,[르포]호주 땅속으로 사라진 이산화탄소…SK도 달려간 ‘탄소중립 성지’,"[탄소 줄게 수소 다오]①오트웨이 CCS 실증센터기후위기 주범인 이산화탄소를 액체와 기체 중간인 초임계 상태로 만들어 땅에 묻는다. 이 이산화탄소는 땅속 물에 용해되고 시간이 갈수록 딱딱하게 굳는다. 국제에너지기구(IEA)는 이산화탄소를 지하에 영원히 가두는 이 방법을 활용하지 않으면 2050년 탄소중립은 불가능하다고 봤다. 지금 당장 탄소배출을 제로(0)로 만들 수 없으니 가장 현실적인 대안이자 탄소중립 핵심 수단으로 CCS가 필요하다는 것이다. 그런데 이산화탄소를 땅에 묻어도 과연 안전한 걸까?CCS(Carbon Capture and Storage)라 불리는 '이산화탄소 포집 및 저장'의 안전성을 검증하는 호주 오트웨이 국제 CCS 실증센터를 15일 찾았다. 서울 여의도만한 땅(4.5㎢)에 이산화탄소 9만5000t을 묻었다. 세계 CCS 실증센터 중에서 가장 큰 규모다. 차로 10분 거리엔 주택가가 있다. 이산화탄소가 묻힌 땅 바로 위에선 소들이 한가로이 풀을 뜯어 먹고 있었다. 사람들이 말하지 않으면 아무런 소리가 들리지 않을 정도로 사방이 고요했다. ""눈으로 보기엔 아무 일도 일어나지 않는 것 같지만 땅속에선 무언가 일이 벌어지고 있습니다.""



호주 오트웨이 국제 CCS 실증센터 내 이산화탄소 주입정 설비 [사진제공=SK E&S]박용찬 한국지질자원연구원 이산화탄소 지중저장연구센터 책임연구원은 ""지하에 주입한 이산화탄소가 주변으로 어떻게 얼마나 퍼지는지 탐지하는 모니터링 기술을 연구개발하고 있다""며 이같이 말했다. 소량의 첨가제를 넣어 다른 물질과 구분할 수 있도록 한 이산화탄소를 주입한다. 이동 경로를 관찰하기 위해 이산화탄소에 일종의 꼬리표를 다는 셈이다. 지질자원연구원은 2008년부터 이곳에서 이산화탄소 지중저장기술 연구에 참여하고 있다.



15일 폴 바라클로그 CO2CRC 최고운영책임자(COO)가 호주 오트웨이 국제 CCS 실증센터 내 이산화탄소(CO2) 가스전 앞지층 안내판에서 이산화탄소 저장 덮개암을 가리키고 있다. 덮개암 바로 아래 이산화탄소를 저장하는 지층이 있다. [사진=최서윤 기자]오트웨이 프로젝트는 2004년 시작했고 부지 안정성 등의 검증을 거쳐 2008년 2000m 깊이 고갈된 가스전에 이산화탄소 6만5000t을 주입했다. 가스를 채굴하고 나면 빈 곳이 생긴다. 그 공간에 이산화탄소를 저장한다.고갈 가스전은 CCS 사업을 하는 기업들엔 '귀한 몸'이다. 가스를 뽑아내면서 장기간 축적된 지층 데이터를 활용해 이산화탄소 주입과 저장을 안정적으로 할 수 있기 때문이다. 이산화탄소를 땅속에 주입할 때 가스를 빼내던 기존 설비를 그대로 사용하면 되기 때문에 비용을 절감할 수 있는 장점도 있다.



호주 오트웨이 국제 CCS 실증센터 내에 방목 중인 소 [사진=최서윤 기자]셰브론, 쉘 등 글로벌 메이저 석유기업들은 치열한 CCS 광구 운영권 입찰 경쟁을 벌이고 있다. 일본, 이탈리아 에너지 기업들도 적극적으로 달려들고 있다. 저장소는 한정돼 있고 뛰어드는 기업들은 많은 상황에 다른 회사 분량을 빼앗아 와야 자사 저장 분량을 챙길 수 있다. 한국에선 SK E&S가 국내 기업 최초로 호주 고갈 가스전을 확보해 현지에서 CCS 사업을 추진 중이다. 호주 북서부 해상의 바로사 가스전에서 천연가스가 생산되면, 생산과정에서 포집된 이산화탄소가 해저 파이프라인을 타고 인근 고갈 가스전인 바유운단(Bayu Undan)으로 운송돼 지하 3㎞ 사암층에 영구히 저장되는 사업이다. SK E&S는 지난해 호주 이산화탄소 저장소 탐사권 입찰에서 산토스, 셰브론과 함께 G-11-AP 광구 운영권도 획득했다. CCS는 수소를 생산하는 과정에서 발생하는 이산화탄소를 처리하는 데에도 활용될 수 있다.



15일 호주 빅토리아주 오트웨이 국제 CCS 실증센터에서 데이비드 위탐 CO2CRC 수소 프로그램 리더가 이산화탄소 주입정에 대해 설명하고 있다. [사진=최서윤 기자]오트웨이 센터는 2009년 인근 땅속 1500m의 대염수층(帶鹽水層)에도 이산화탄소 1만5000t을 주입했다. 염분 농도가 높은 대염수층은 분포 범위가 넓고 미세한 구멍이 많은 다공질의 암석이라 많은 양의 이산화탄소를 저장할 수 있다. 2015년에도 1만5000t의 이산화탄소를 주입했다. 이때부터 발전된 모니터링 기술이 적용됐다. 이산화탄소를 땅속에 주입하는 시추공에 광섬유를 설치했다. 트럭이 땅 위를 다니면서 지중 압력을 가하면 광섬유 탄성파 모니터링 기술을 통해 땅속 이산화탄소 움직임을 확인하는 기술이다. 그전까지 6개월에 한 번씩 땅속 이미지 데이터를 얻었지만 이 기술을 통해 이틀 간격으로 관측할 수 있게 됐다.



이산화탄소 저장 암석(왼쪽)과 덮개암 [사진=최서윤 기자]CCS 저장 지층 바로 위에는 이산화탄소가 땅 위로 누출되지 않도록 막아주는 덮개암이 있다. 고온과 고압 상태에서 진흙과 먼지가 압축돼 침적물로 형성된 진흙암이 일종의 코르크 마개 같은 역할을 한다.우리나라에서 개발한 기술도 이곳에 와서 실증한다. 박 연구원은 ""세계 최초로 주입과 저장의 효율을 10~20% 개선하는 기술을 개발 중""이라며 ""압력을 더 낮게 유지해서 더 많이 더 안전하게 이산화탄소를 저장할 수 있다""고 설명했다.



호주 오트웨이 국제 CCS 실증센터 입구 전경 [사진=최서윤 기자]전문가들은 자연지진으로 인한 누출이나 이산화탄소 저장으로 인한 인공지진 유발 위험은 거의 없다고 본다. 오트웨이 실증센터를 운영하는 호주 국책연구기관 CO2CRC의 폴 바라클로그 최고운영책임자(COO)는 ""최악의 상황을 가정하더라도 저장소는 800m 이상의 깊은 지하에 있기 때문에 지층 여러개가 덮고 있어서 땅 위로 누출될 가능성은 없다""며 ""이산화탄소는 기름이나 가스 성분보다 다루기 용이해 안정적으로 보관할 수 있다""고 했다. 박 연구원도 ""이산화탄소가 노출될 정도의 지진이라면 수십만년 이상 저장돼 온 천연가스 저장소에서도 벌써 새어 나왔어야 하지만 그런 사례는 없다""고 했다.



15일 호주 오트웨이 국제 CCS 실증센터에서 박용찬 지질자원연구원 이산화탄소 지중저장연구센터 책임연구원이 CCS 기술에 대해 설명하고 있다. [사진=최서윤 기자]CCS로 감축한 이산화탄소는 탄소배출권으로도 인정받을 수 있다. 호주 내 기업들은 이산화탄소 배출량을 줄이거나 흡수하는 활동을 통해 ACCU(Australian Carbon Credit Unit)라는 호주탄소배출권을 받는다. 탄소 배출을 초과하거나 배출량이 적을 경우 기업끼리 서로 사고팔 수 있다. 유럽연합의 경우 CCS에 저장한 이산화탄소를 ‘배출되지 않음’으로 간주한다.마틴 퍼거슨 CO2CRC 회장은 ""호주는 상업적으로 운영 가능한 잠재 이산화탄소 저장소이자 해상 고갈 유가스전을 다수 보유하고 있다""며 ""호주 의회에서는 해외에서 배출한 이산화탄소를 호주로 수입해 저장할 수 있는 법안이 하원을 통과했고 상원 통과를 앞두고 있다""고 했다.



마틴 퍼거슨 CO2CRC 회장이 지난 14일 기자들 질문에 답하고 있다. [사진제공=SK E&S]",아시아경제
13,경제,[르포] 초원 2㎞ 지하에 탄소 10만톤 저장… 호주 CCS 실증센터,"주요국 연구원들 모여 CCS 기술 고도화  2050년까지 76억톤 저장해야 ‘탄소중립’  “주민 수용성은 과제…소통 늘리는 방법뿐”        15일 호주 남부 빅토리아주 멜버른에서 남서쪽으로 약 250㎞ 떨어진 니란다. 양쪽으로 펼쳐지는 초원을 끼고 3시간가량을 달려 호주 국책 연구기관 CO2CRC가 운영하는 오트웨이 탄소포집·저장(CCS) 국제 실증센터를 찾았다. 소들이 돌아다니는 초원 한복판에 위치한 실증센터 입구에는 호주 국기와 태극기가 함께 펄럭이고 있었다.CCS는 화석 연료를 사용할 때 배출되는 이산화탄소(CO₂)를 모아 석유·가스전이 있었던 바다 깊은 곳이나 땅 밑에 영구적으로 묻는 것을 말한다. 전 세계적으로 탄소중립의 중요성이 커지면서 CCS 관련 투자가 늘고 있다. 오트웨이 실증센터는 지난 2004년 설립된 세계 최대 규모 CCS 테스트베드로 현지 기관, 연구소와 글로벌 에너지 기관이 기술 개발을 진행하고 있다. 한국은 한국지질자원연구원이 2008년부터 연구 협력을 해왔다.



호주 오트웨이 국제 CCS 실증센터 내에 위치한 이산화탄소(CO₂) 주입정 설비. /권유정 기자        폴 바라클로그 호주 CO2CRC 최고운영책임자(COO·Chief Operating Officer)는 “CCS는 검증(proven)되고 실증되는(demonstrated) 안전한(safe) 기술”이라고 거듭 강조했다. 그는 “오트웨이 실증센터는 현재까지 9만5000톤(t) 규모의 탄소를 주입한 뒤 안정적으로 관리하고 있다”며 “관측정과 광섬유를 활용해 저장된 탄소 움직임을 모니터링하는 기술도 꾸준히 개발하고 있다”고 말했다.오트웨이 실증센터에는 탄소가 자연적으로 발생하고 지하에 탄소를 저장할 수 있는 고갈가스전과 대염수층이 모두 존재한다. 실험 도구와 장소가 동시에 충족되는 만큼 실증 연구에는 최적이라는 평가다. 고갈가스전은 센터 지면에서 2㎞ 아래, 대염수층은 1.5㎞ 깊이에 있다. 수백만 년 동안 쌓인 두꺼운 암석층이 코르크 마개처럼 버티고 있어 탄소 유출 가능성이 거의 없다.최근 주요국을 중심으로 넷제로(탄소 순배출량 제로) 공감대가 형성되면서, CCS에 대한 관심이 높아지고 있다. CCS는 화석연료 의존도를 낮추는 과정에서 탄소중립을 위한 가장 현실적인 징검다리 기술(Bridge Technology)로 꼽힌다. 초기 기술 개발 비용 부담이 있을 수 있지만, 중장기적으로는 탄소배출권 거래보다 CCS를 도입하는 게 경제적이란 분석이 나온다.바라클로그 COO는 “호주뿐 아니라 에너지 수입 의존도가 높은 한국도 미래를 위해 CCS가 반드시 필요하다”며 “5000만명이 넘는 인구가 향후 급증하는 에너지 수요와 탄소중립을 함께 달성하려면 CCS를 비롯한 여러 가지 에너지 신기술을 개발하고 적용해야 한다”고 했다.



호주 국책 연구기관인 CO2CRC의 폴 바라클로그 최고운영책임자가 15일(현지 시각) 호주 오트웨이 국제 CCS 실증센터에서 이산화탄소 가스전에 대해 설명하고 있다. /SK E&S 제공        지질자원연구원에 따르면 지난해 9월 기준 전 세계에서 운영 중인 CCS 설비는 20개로 현재까지 약 4258만t 규모의 탄소가 처리됐다. 중장기 탄소중립을 실현하려면 오는 2040년 40억t, 2050년에는 76억t 규모의 탄소를 CCS로 포집해야 한다는 게 연구원 측 설명이다. 포스코 공장에서 연간 배출하는 탄소 7850만t(2021년 기준)의 약 100배를 저장해야 한다는 의미다.다만 풍력, 수소 연료전지, 소형모듈원자로(SMR) 등 다른 재생에너지 발전시설과 마찬가지로 CCS에 대한 주민 수용성은 해결해야 할 과제다. 글로벌 환경단체를 중심으로 국내 상당수 지자체는 환경 오염이나 보상금 등을 이유로 인근 지역에 발전소가 들어오는 것에 반대한다. 오트웨이 실증센터도 설립 초기 비슷한 고충을 겪었지만, 수년간 꾸준히 소통을 시도한 끝에 지역 주민을 설득할 수 있었다.바라클로그 COO는 “토지 소유주들은 실증센터 설립에 10년 가까이 반발했다”며 “낯선 기술에 대한 막연한 두려움이 컸던 만큼 주기적으로 소통하는 자리를 마련해 오해를 풀려고 노력하고 있다”고 말했다. 그는 “시간이 오래 걸려도 기술의 필요성과 안정성을 알려서 주민들로부터 신뢰를 확보하는 게 중요하다”며 “보상금은 아니지만 토지를 사용하는 대가로 소유주들에게 리스료를 납부하고 있다”고 했다.오트웨이 실증센터 안팎에서는 CO2CRC가 지역사회와 맺은 관계의 흔적을 쉽게 찾아볼 수 있다. 실증센터 주변 초원에는 주민들이 키우는 소들이 자유롭게 돌아다녔다. 건물 곳곳에는 커뮤니티 소식지가 비치돼 있는데 민간 기업과의 신규 협력이나 펀딩 사례를 소개하는 내용이 담겼다. 일 년에 한 번 주민들을 실증센터로 초대하는 오픈데이 행사 안내문도 붙어있었다. 오픈데이에 방문하는 주민들은 CCS 사이트를 둘러보고, 직원들과 함께 바비큐 파티를 하면서 친목을 쌓는다고 한다.",조선비즈
14,경제,이산화탄소 9.5만t을 가둔 ‘저장소’… 호주 평범한 초원이었다,"‘탄소포집·저장’ 실증센터 르포



15일(현지 시각) 호주 오트웨이 국제 CCS 실증센터에서 CO2CRC 관계자가 이산화탄소를 주입하는 시설에 대해 설명하고 있다. /SK E&S										15일(현지 시각) 호주 빅토리아주 멜버른에서 차로 세 시간쯤 거리에 있는 오트웨이 국제 CCS 실증 센터. 도심을 벗어나면 호주 어디서나 볼 수 있을법한 초원이 펼쳐져 있었고, 소들이 풀을 뜯으며 한적하게 거닐고 있었다. 땅 밑에 이산화탄소 9만5000톤이 저장돼 있음을 알아채기는 쉽지 않았다.세계 각국이 기후변화를 막고자 탄소 중립의 중요성을 강조하면서 이산화탄소 포집·저장(Carbon Capture and Storage·CCS) 기술이 각광받고 있다. 국제에너지기구(IEA)는 “CCS 기술이 없다면 지구 온도 상승을 1.5도로 제한하자는 목표를 달성하기가 사실상 불가능하다”며 CCS가 향후 이산화탄소 총감축량에서 차지하는 비율이 18%에 달할 것으로 예상했다.오트웨이 국제 CCS 실증 센터는 호주의 국책 연구 기관 CO2CRC가 2004년부터 운영 중인 세계 최대 규모의 CCS 기술 실증 센터다. 땅속 1500미터 아래에는 대염수층(소금물이 들어 있는 지하수층)이 있어 이산화탄소를 저장하기엔 최적 장소라 CCS 기술의 ‘메카’가 됐다. 2000미터 아래에는 가스를 모두 채취한 뒤 비어 있는 가스전이 있다. CO2CRC는 2004년부터 2009년까지 빈 가스전에 이산화탄소를 주입해 이산화탄소가 어떻게 움직이는지 관찰했다. 이후엔 대염수층에 이산화탄소를 주입하는 실험을 마쳤다. 폴 바라클로그 CO2CRC 최고운영책임자는 “지난 10여 년 동안 이산화탄소 누출이 없었다”고 말했다.현재 전 세계에서는 CCS 프로젝트 30가지를 실제 가동하고 있다. 지난해까지 계획된 사업을 모두 합치면 이산화탄소 총처리량은 2억4400만톤에 이를 것으로 예상된다. 국내 민간 기업 중에서는 SK E&S가 호주의 에너지회사 산토스 등과 함께 이산화탄소 저장소 개발을 추진 중이다. 호주 북서부 해상 바로사 가스전에서 천연가스를 생산하고, 그 과정에서 포집된 이산화탄소를 파이프라인을 통해 조만간 고갈될 바유운단(Bayu Undan) 가스전에 저장한다는 계획이다. CO2CRC와 공동 연구를 진행 중인 한국지질자원연구원 박용찬 박사는 “2050년 현재의 2.3배에 이를 것으로 예상되는 전력 수요를 신재생에너지로 감당하기는 어렵다”면서 “화석연료를 사용할 수밖에 없는 상황에서 CCS는 꼭 필요한 기술”이라고 말했다.",조선일보
15,경제,[르포] 초원 2㎞ 지하에 탄소 10만톤 저장… 호주 CCS 실증센터,"주요국 연구원들 모여 CCS 기술 고도화  2050년까지 76억톤 저장해야 ‘탄소중립’  “주민 수용성은 과제…소통 늘리는 방법뿐”        15일 호주 남부 빅토리아주 멜버른에서 남서쪽으로 약 250㎞ 떨어진 니란다. 양쪽으로 펼쳐지는 초원을 끼고 3시간가량을 달려 호주 국책 연구기관 CO2CRC가 운영하는 오트웨이 탄소포집·저장(CCS) 국제 실증센터를 찾았다. 소들이 돌아다니는 초원 한복판에 위치한 실증센터 입구에는 호주 국기와 태극기가 함께 펄럭이고 있었다.CCS는 화석 연료를 사용할 때 배출되는 이산화탄소(CO₂)를 모아 석유·가스전이 있었던 바다 깊은 곳이나 땅 밑에 영구적으로 묻는 것을 말한다. 전 세계적으로 탄소중립의 중요성이 커지면서 CCS 관련 투자가 늘고 있다. 오트웨이 실증센터는 지난 2004년 설립된 세계 최대 규모 CCS 테스트베드로 현지 기관, 연구소와 글로벌 에너지 기관이 기술 개발을 진행하고 있다. 한국은 한국지질자원연구원이 2008년부터 연구 협력을 해왔다.



호주 오트웨이 국제 CCS 실증센터 내에 위치한 이산화탄소(CO₂) 주입정 설비. /권유정 기자        폴 바라클로그 호주 CO2CRC 최고운영책임자(COO·Chief Operating Officer)는 “CCS는 검증(proven)되고 실증되는(demonstrated) 안전한(safe) 기술”이라고 거듭 강조했다. 그는 “오트웨이 실증센터는 현재까지 9만5000톤(t) 규모의 탄소를 주입한 뒤 안정적으로 관리하고 있다”며 “관측정과 광섬유를 활용해 저장된 탄소 움직임을 모니터링하는 기술도 꾸준히 개발하고 있다”고 말했다.오트웨이 실증센터에는 탄소가 자연적으로 발생하고 지하에 탄소를 저장할 수 있는 고갈가스전과 대염수층이 모두 존재한다. 실험 도구와 장소가 동시에 충족되는 만큼 실증 연구에는 최적이라는 평가다. 고갈가스전은 센터 지면에서 2㎞ 아래, 대염수층은 1.5㎞ 깊이에 있다. 수백만 년 동안 쌓인 두꺼운 암석층이 코르크 마개처럼 버티고 있어 탄소 유출 가능성이 거의 없다.최근 주요국을 중심으로 넷제로(탄소 순배출량 제로) 공감대가 형성되면서, CCS에 대한 관심이 높아지고 있다. CCS는 화석연료 의존도를 낮추는 과정에서 탄소중립을 위한 가장 현실적인 징검다리 기술(Bridge Technology)로 꼽힌다. 초기 기술 개발 비용 부담이 있을 수 있지만, 중장기적으로는 탄소배출권 거래보다 CCS를 도입하는 게 경제적이란 분석이 나온다.바라클로그 COO는 “호주뿐 아니라 에너지 수입 의존도가 높은 한국도 미래를 위해 CCS가 반드시 필요하다”며 “5000만명이 넘는 인구가 향후 급증하는 에너지 수요와 탄소중립을 함께 달성하려면 CCS를 비롯한 여러 가지 에너지 신기술을 개발하고 적용해야 한다”고 했다.



호주 국책 연구기관인 CO2CRC의 폴 바라클로그 최고운영책임자가 15일(현지 시각) 호주 오트웨이 국제 CCS 실증센터에서 이산화탄소 가스전에 대해 설명하고 있다. /SK E&S 제공        지질자원연구원에 따르면 지난해 9월 기준 전 세계에서 운영 중인 CCS 설비는 20개로 현재까지 약 4258만t 규모의 탄소가 처리됐다. 중장기 탄소중립을 실현하려면 오는 2040년 40억t, 2050년에는 76억t 규모의 탄소를 CCS로 포집해야 한다는 게 연구원 측 설명이다. 포스코 공장에서 연간 배출하는 탄소 7850만t(2021년 기준)의 약 100배를 저장해야 한다는 의미다.다만 풍력, 수소 연료전지, 소형모듈원자로(SMR) 등 다른 재생에너지 발전시설과 마찬가지로 CCS에 대한 주민 수용성은 해결해야 할 과제다. 글로벌 환경단체를 중심으로 국내 상당수 지자체는 환경 오염이나 보상금 등을 이유로 인근 지역에 발전소가 들어오는 것에 반대한다. 오트웨이 실증센터도 설립 초기 비슷한 고충을 겪었지만, 수년간 꾸준히 소통을 시도한 끝에 지역 주민을 설득할 수 있었다.바라클로그 COO는 “토지 소유주들은 실증센터 설립에 10년 가까이 반발했다”며 “낯선 기술에 대한 막연한 두려움이 컸던 만큼 주기적으로 소통하는 자리를 마련해 오해를 풀려고 노력하고 있다”고 말했다. 그는 “시간이 오래 걸려도 기술의 필요성과 안정성을 알려서 주민들로부터 신뢰를 확보하는 게 중요하다”며 “보상금은 아니지만 토지를 사용하는 대가로 소유주들에게 리스료를 납부하고 있다”고 했다.오트웨이 실증센터 안팎에서는 CO2CRC가 지역사회와 맺은 관계의 흔적을 쉽게 찾아볼 수 있다. 실증센터 주변 초원에는 주민들이 키우는 소들이 자유롭게 돌아다녔다. 건물 곳곳에는 커뮤니티 소식지가 비치돼 있는데 민간 기업과의 신규 협력이나 펀딩 사례를 소개하는 내용이 담겼다. 일 년에 한 번 주민들을 실증센터로 초대하는 오픈데이 행사 안내문도 붙어있었다. 오픈데이에 방문하는 주민들은 CCS 사이트를 둘러보고, 직원들과 함께 바비큐 파티를 하면서 친목을 쌓는다고 한다.",조선비즈
16,경제,"[르포] ""발 밑에 탄소 있어요!""…호주 초원 '탄소중립 열쇠' 오트웨이 CCS 실증센터","평화로운 오트웨이 초원 밑에 자리 잡은 9만5000t의 탄소탈(脫)탄소 시대 열기 위한 가장 현실적인 대안 'CCS 기술'韓지질연구원 2008년부터 CO2 지중저장기술 연구 참여



15일(현지시간) 방문한 호주 오트웨이 국제 CCS 실증센터 입구. ⓒ데일리안 오수진 기자[호주 오트웨이 = 데일리안 오수진 기자] “지금 밟고 계신 땅 밑에 9만5000t의 이산화탄소(CO2)가 저장돼있습니다.”발 밑에 탄소가 있다니. 듣기만 해도 섬뜩하다. 주위 소떼는 자기들이 무엇을 밟고 있는 지도 모르는 지 이리저리 돌아다니며 평화롭게 풀만 뜯고 있었다. 아무리 둘러봐도 오로지 소, 구름, 잔디밖에 없는 풍경이었다. 이처럼 땅 밑에 탄소가 존재한단 얘기를 듣기 전까진, 그 누구도 곁에 몇 만t의 탄소가 함께 있단 사실을 알아차리긴 힘들 것이다. CCS(Carbon Capture and Storage) 기술의 안정성에 대한 의심을 단숨에 풀어버리는 순간이었다.박용찬 한국지질자원연구원 박사는 “주위를 보면 보시다시피 아무 이상이 없다는 것을 알 수 있을 것”이라며 “CO2는 지상으로 올라오지 않고 안전하게 저장돼있다”고 강조했다.15일(현지시간) 꼭두새벽부터 호주 빅토리아주 멜버른에서 약 4시간을 달린 끝에 오트웨이 국제 CCS 실증센터에 도착했다. 호주 국책 연구기관 CO2CRC가 2004년부터 운영 중인 실증 센터로, 4.5㎢의 면적을 갖고 있다. 세계 최대 규모다.세계 각국이 탈(脫)탄소 시대를 열기 위해 부단히 노력하고 있지만, 앞으로도 당분간은 일정 수준의 화석연료 사용은 불가피하다. 탄소를 포집·저장하는 기술인 CCS는 좋은 절충점이 될 수 있다. CCS로 석유, 천연가스 사용시 불가피하게 발생되는 CO2를 줄일 수 있으니 탄소중립(Net Zero) 달성 목표를 위한 가장 현실적인 대안이자 핵심 수단인 것이다.박용찬 한국지질자원연구원 박사는 “CCS는 계속 필요한 기술이 아닌 현재 화석연료에서 미래 신재생에너지, 수소경제를 이어주는 기술로, 이 두 사회를 잇는 ‘브릿지 테크놀러지(Bridge Technology)’”라고 표현하기도 했다.특히 제조업 비중이 큰 우리나라의 경우 화석연료 사용이 불가피하기에 CCS가 더욱 절실하지만, 현실적으로 국내에서 대규모 저장소를 확보하기는 쉽지 않은 일이다. 그렇기에 국내 한국무역보험공사, SK E&S 등은 CCS 실증센터와 협력해 이 난관을 헤쳐나가고 있다.센터에는 호주 정부 산하 기관 및 대학 연구소를 비롯한 글로벌 에너지 기관에서 나온 다국적 연구원들이 모여있다. 한국지질자원연구원은 지난 2008년부터 CO2 지중저장기술 연구에 참여해왔다. 구체적으로 한국지질연구원은 국내에서 개발된 주입·저장 효율 개선 기술을 이 현장에 적용하는 일을 하고 있다. 국내의 경우 해양 CO2 지중저장이 유일한 저장옵션이기에, 여기를 통해 저비용의 신뢰성 높은 모니터링 기술을 개발 중이다.박용찬 박사는 “이곳에서는 CCS 기술의 효율을 개선하고 있다. 아이디어 실험, 시뮬레이션 그리고 기능성을 입증하고 있다”며 “ 실제 현장 적용을 성공시키면 국내에도 적용이 가능하다. 또 해외에서도 이 기술을 사용할 수 있게 하는 기회를 만들 수도 있다”고 강조했다.



호주 오트웨이 국제 CCS 실증센터(Otway International Test Centre) 내에 위치한 이산화탄소(CO2) 주입정 설비 ⓒSK E&S총 4단계로 이뤄진 CCS 기술 연구…최종 저장 목표는 11만5000tCCS 기술 효율 개선을 위한 작업은 총 4단계로 이뤄졌다. 우선 연구원은 2004년부터 2009년까지 이뤄진 1단계 연구에서는 고갈가스전에 CO2를 주입하는 것이 안전하단 것을 확인했다. 2단계에서는 CO2가 어떤 형태로 주입돼 어떤 형태로 이동되는 지를 확인할 수 있는 이미지를 얻어냈다. 추적, 모니터링 과정이다.3단계에서는 기존 기술보다 훨씬 저렴하고 쉬운 기술을 확보했다. 박용찬 박사는 “이전까지 일반적인 모니터링 방법을 이용했다면, 3단계부터 쉽고 향상된 또 비용이 저렴한 기술을 적용하려 했다”고 설명했다.이후에는 모니터링 기술개발, 고갈가스층, 배수층 주입을 넘어선 기술 개발 등의 과정을 밟을 예정이다. 박 박사는 “어떻게 하면 더 효율적으로 CO2를 주입할 것인가. 문제는 어떻게 최소화 할까 등 효율을 높이는 방법으로 연구를 하고자 한다”고 말했다.1~3단계 거친 지금 저장된 탄소는 총 9만5000t이다. 마지막 4단계 탄소 저장 추가 목표량은 총 2만t이다. 1단계에서 6만5000t, 2~3단계에서 각각 1만5000t의 탄소가 추가로 저장됐다.



폴 바라클로그(Paul Barraclough) CO2CRC 최고운영책임자(COO, Chief Operating Officer)가 15일(현지시간) 호주 오트웨이 CCS 실증센터에서 이산화탄소(CO2) 가스전(Buttress Well)에 대해 설명하고 있다. ⓒ데일리안 오수진 기자고심 끝에 고른 실증센터 위치…안정성·효율성 모두 확보오트웨이에 실증센터가 자리 잡은 이유는 명료하다. 센터 지면 2㎞ 아래에는 고갈가스전이, 1.5㎞ 심도에는 대염수층이 존재해 CO2를 저장하고 관리하는 실증 연구를 하기에 적합한 장소다. 또 CO2가 상부로 이동하지 못하게 막아주는 덮개층도 있기에 CO2 유출 가능성도 거의 없다. 두껍고 단단한 암석층이 일종의 ‘코르크 마개’ 역할을 하고 있다.실증센터에는 3개의 CO2 주입정과 4개의 관측정이 1.5~2㎞ 깊이의 CO2 저장층과 연결돼있다. 인근 CO2 저류층에서 만들어지는 CO2 가스가 약 2m 길이의 지중 파이프라인을 타고 이곳으로 이동해 저장되는 구조다.실제 인근에는 정유사 산토스가 매각한 가스전(Buttress Well)도 위치해 있다. CO2 함량이 지나치게 높아 경제성이 없단 판단 하에 매각했다고 한다. 현재 테스트용으로 사용되고 있으며, 밸브는 잠궈진 상태다. 압력 조절만 하면 바로 생산이 가능하며, 일주일에 1000t 정도의 CO2를 생산할 수 있다. 센터는 이를 스테이지3 연구에서 이용할 계획이다.폴 바라클로그(Paul Barraclough) CO2CRC 최고운영책임자(COO)는 “이 장소를 찾기 위해 수년간 세심한 노력을 기울였다”며 “땅 속에 많은 층들이 있고 이것들이 가스를 고정하고 있어 안전하다”고 강조했다.이어 “탄소를 가져오고 적용하기에 용이한 지역으로, CO2를 포집하지 않아도, 80% 이상 퍼올려 주입할 수 있다”며 “저장소 내에서 탄소가 어떻게 퍼지고 움직이는지 좀 더 면밀히 볼 수 있다”며 “그렇기에 모니터링 기술을 정교하게 개발할 수 있다”고 설명했다.



호주 오트웨이 국제 CCS 실증센터 인근 풍경. ⓒ데일리안 오수진 기자",데일리안
17,경제,"탄소감축 열쇠, ‘이산화탄소 지중 저장’에 주목하자","황세호 한국지질자원연구원 부원장18세기 산업혁명 이후 인류가 화석연료를 이용하게 되면서 이산화탄소의 지속적인 증가로 인한 기온 상승이 나타났다. 이 같은 변화를 처음에는 기후 온난화라고 했지만, 그 영향으로 인한 파급효과가 커지면서 ‘기후 변화(climate change)’라는 용어로 대체됐다.그런데 기후 변화로 심각한 문제들이 더 많이 발생하면서 최근에는 ‘기후 위기(climate crisis)’라고 표현하는 학자들도 많아졌다. 최근 50년 이래 세 번째로 많은 강수량을 기록한 이번 장마는 집중호우는 물론 산사태를 동반해 많은 인적·물적 피해를 가져왔다. 그런 문제를 일으킨 주범으로는 모두 한 목소리로 기후 변화를 지목하고 있다.이 때문에 인간 활동으로 배출한 이산화탄소만큼을 다시 흡수하는 ‘배출량 제로(0)’ 노력이 추진되고 있다. 탄소중립을 위한 인류의 도전이 진행되고 있는 것이다.배터리가 주인공이 된 전기차 지원정책 강화, 그리고 화력 발전과 철강·시멘트 산업에서 이산화탄소 배출량을 줄이는 일이 추진되고 있다. 이와 함께 이산화탄소를 대상으로 한 ‘굴뚝 포집’ 기술 개발도 본격화하고 있다.특히 각종 산업활동에서 에너지 효율을 높이는 한편, 이산화탄소 배출을 최소화하는 원자력 발전, 수소 에너지, 이산화탄소 활용 기술 등이 탄소중립의 대표적인 총아가 됐다.하지만 혁신적인 탄소중립 기술조차도 이산화탄소 배출을 완전히 피할 수는 없다. 따라서 불가피하게 배출되는 이산화탄소를 인간의 활동 영역에서 격리하는 방법이 필요한데, 그것이 바로 ‘이산화탄소 지중 저장 기술’이다. 이는 국가온실가스 감축 목표 달성을 위한 핵심 기술로 주목받고 있다.지층은 균열이 많거나, 스펀지같이 매우 작은 공간이 있거나, 균열이나 작은 공간이 없는 유형으로 구분된다. 공통적인 특징은 깊이 들어갈수록 온도와 압력이 증가한다는 점이다.이산화탄소는 특정한 온도와 압력 조건에서 부피가 크게 감소한다. 해당 조건은 바로 온도 31도, 압력 7.4㎫(메가파스칼)이다. 7.4㎫은 수심 약 740ｍ에서 나타나는 압력이다. 학술적인 용어로는 ‘초임계 상태’에 이르는 조건이다.땅속 깊은 곳에 이런 이산화탄소를 저장할 만한 공간을 지닌 지층이 있고, 그 위쪽에는 매우 치밀한 지층이 있다면 하부에 저장된 이산화탄소는 빠져나가지 않게 된다. 이산화탄소를 저장할 좋은 조건이 되는 것이다.국내에서는 한국지질자원연구원의 조사 결과, 아직 육상에서는 적합한 이산화탄소 저장 장소를 찾지 못했다. 하지만 최근까지 산유국 지위를 유지할 수 있게 해준 동해 가스전과 함께 서해 군산 앞바다의 군산 분지가 이산화탄소 저장소로 유력하다.군산 분지는 군산에서 약 150㎞ 거리 해저에 있으며, 대규모 이산화탄소 지중 저장 후보지이다. 연구원이 보유한 국내 유일의 물리탐사선 탐해 2호를 이용해 찾았다. 정밀 탐사 결과를 바탕으로 이산화탄소 저장소로 활용할 수 있는지를 확인하고, 실제 이산화탄소 주입도 정상적으로 진행되는지 모니터링을 해야 한다. 내년 4월에 취항하는 한국지질자원연구원의 6000t급 최첨단 물리탐사 연구선 ‘탐해 3호’가 주목받는 이유다.이제 대규모 저장 후보지를 찾았지만, 선진국에 비하면 겨우 이산화탄소 저장을 위한 첫 단추를 채운 것에 불과하다.앞으로 많은 과정이 남아있고 실패의 반복이 이어질 가능성도 있다. 하지만 ‘시작이 반’이라는 속담처럼 이산화탄소 지중 저장이 국가온실가스 감축 목표 달성을 앞당기는 기술이 되기를 기대해 본다.",경향신문
18,경제,"온실가스에서 포집한 탄소, 동해 깊숙한 곳에 묻는다","해외 이어 국내서도 저장소 발굴 본격화 생산 멈춘 동해가스전 등 울릉분지 주목 석유公, 2031년까지 CCU 시설 추가 확보        국내 주요 기업이 탄소포집·저장(CCS) 사업에 주목하고 있다. 온실가스 감축을 위해 화석 연료를 사용할 때 대기로 배출되는 이산화탄소(CO₂)를 모은 뒤, 영구적으로 저장할 수 있는 장소를 확보하는 일이다. 아직 국내 기업 대부분이 해외에서 탄소 저장소를 확보 중이지만, 동해가스전을 시작으로 국내에서도 추가 저장소 개발이 본격화할 전망이다.전 세계적으로 탄소중립 중요성이 부각되면서, 탄소 포집·활용·저장(CCUS)은 핵심 대안으로 떠오르기 시작했다. CCUS는 CCU(탄소포집·활용)와 CCS(탄소포집·저장)를 포괄하는 개념으로 기본 전제는 탄소 포집이다. 공장이나 발전소 굴뚝에서 나오는 배기가스에서 탄소를 걸러내 수송이 가능한 액체 상태로 가공한 뒤 이를 활용(Utilization)하거나 저장(Storage)하는 것이다.



탄소포집·저장(CCS) 기술 관련 그래픽. /SK E&S 제공        13일 업계에 따르면 최근 정부는 한국석유공사, SK·포스코 그룹 등과 동해 울릉분지에서 CCS 사업을 위한 연구개발에 착수했다. 울릉분지는 지난 2021년 산업통상자원부, 해양수산부 합동연구에서 국내 CCS 유망지역으로 분류된 지역이다. 당시 조사 결과에 따르면 울릉분지 탄소 저장 용량은 약 1억9300만톤(t)으로 추정됐다. 이는 2021년 기준 포스코 연간 탄소배출량(7850만t)의 2.5배에 달하는 규모다.울릉분지는 석유공사와 현대건설이 추진하는 ‘동해가스전 활용 CCS 실증사업’이 진행될 곳이기도 하다. 국내 첫 CCS 프로젝트로, 사업 기간은 2025년부터 2030년까지로 예정됐다. 울산에서 남동쪽으로 58㎞ 떨어진 지점에 있는 동해가스전은 국내 유일의 석유자원 생산시설로 지난 2021년 말 가스 생산이 멈췄다. 매년 120만톤(t) 규모의 탄소를 주입해 저장한다는 계획이다.몇 년 전부터 석유공사는 CCS 사업 준비를 해왔다. 지난 2020년 7월 전담조직인 CCS사업팀을 신설하고, 전문 인력을 보강했다. 동해가스전을 시작으로 국내에 제2, 3의 탄소 저장소를 발굴한다는 방침이다. 석유공사는 지난 6월 발표한 중장기 대륙붕 개발 계획인 ‘광개토 프로젝트’를 통해 2031년까지 연간 400만t 규모의 탄소 저장소를 확보한다는 목표를 제시했다.그동안 국내 주요 에너지 기업은 탄소 저장소로 활용할 가스전 등이 부족해 해외에서 사업을 추진했다. SK E&S는 호주, 동티모르에서 탄소 저장소 개발을 진행하고 있다. 액화 이산화탄소를 호주 다윈 지역에 하역한 다음 동티모르 해상 가스전에 연간 300만t 규모를 영구 저장한다는 계획이다.



 SK이노베이션에서 분사한 석유 개발 기업 SK어스온은 올해 초 영국의 CCS 전문기업 아줄리와 손잡고 호주, 북미 지역을 중심으로 CCS 프로젝트 개발에 나섰다. 포스코인터내셔널은 지난해부터 호주에서 해상 가스전을 활용한 CCS 사업의 경제성을 분석하고 있다. 지난해 인수한 호주 세넥스에너지와 CCS 사업화를 위한 기술평가와 경제성 분석 작업도 진행하고 있다.말레이시아에서는 삼성, SK, 롯데, GS 등 국내 주요 그룹 에너지 자회사들이 공동으로 CCS 프로젝트를 추진하고 있다. 삼성엔지니어링이 주관하고 삼성중공업, SK에너지, SK어스온, 롯데케미칼, GS에너지, 말레이시아 국영 에너지 기업 페트로나스가 참여 중인데 지난 11일 석유공사, ㈜한화, 에어리퀴드코리아, 쉘(Shell) 등이 추가로 합류했다.글로벌CCS연구소에 따르면 글로벌 탄소포집·저장 시장은 앞으로 매년 30% 이상 성장해 2050년에는 탄소포집량이 76억t에 이를 것으로 예상됐다. 지난해 9월 기준 운영 및 개발 중인 글로벌 CCS 프로젝트를 통해 저장할 수 있는 탄소 규모는 전년대비 44% 증가한 연 2억4400만t 수준이다. 상업 운영되는 프로젝트 개수도 2021년 29개에서 2030년에는 135개까지 늘어날 전망이다.정부가 중장기 탄소중립을 추진하는 만큼 국내에서도 CCS 프로젝트는 점차 활발해질 것이라는 관측이다. 정부는 2030 온실가스감축목표(NDC)와 2050 탄소중립 시나리오에 CCUS를 포함하고, 주요 정책과제로 CCUS법 제정, CCUS 기술 확보 및 상용화를 꼽았다. 최근 CCUS를 활용한 탄소 배출량 감축 목표는 2030년 기준 1030만t에서 1120만t으로 상향 조정됐다.",조선비즈
19,경제,"""지구를 구해줘""... 탄소포집 기술 어디까지 왔나?","인천 서구 아라타워 전망대에서 바라본 서인천복합화력발전소 굴뚝에 수증기가 뿜어져 나오고 있다./뉴시스 [파이낸셜뉴스] 최근 수년간 기상이변의 원인으로 지구온난화가 지목되면서, 산업현장에서 배출되는 이산화탄소(CO₂)를 포집해 연료 등으로 재활용하는 탄소포집 기술이 주목받고 있다. 지구온난화로 뜨거워진 지구의 온도상승을 멈추거나 되돌리기 위해서는 해당 기술이 필수적이라는 판단 때문이다. 다만 탄소포집 기술이 아직 초기 단계라는 점에서 풀어야할 과제가 쉽지 않다는 지적이다.     지구온난화에 탄소 포집 기술 필요성 제기  지난 2016년 체결된 파리기후협약은 지구 평균기온 상승을 2도 이하로 유지하고 1.5도를 넘지 않도록 노력한다는 목표를 세웠다. 지구의 온도가 상승 시 발생할 악영향에 대한 우려때문이다.   기상학자들은 1.5도가 올라가면 과거엔 10년에 한 번꼴이던 폭염의 발생 확률이 4배로, 폭우의 가능성은 1.5배로, 가뭄의 가능성은 2배로 늘어난다고 보고 있다. 2도가 된다면 폭염의 확률은 6배, 폭우의 확률은 1.7배 증가한다. 올해까지 이미 1.1도가 올랐고, 2030년이 되기 전 1.5도에 도달할 것으로 기상학자들은 내다보고 있다.   이같이 지구의 기온상승이 현실적 위험으로 다가오자 전세계는 '탄소제로(Carbon Zero)'에 집중하고 있다. 탄소제로는 석유와 같은 화석연료를 사용해 발생한 이산화탄소 등 온실가스의 실질 배출량을 '0'으로 만드는 것이다. 탄소제로를 위한 가장 대표적인 움직임이 태양광, 풍력과 같은 신재생에너지로의 전환이다. 하지만 당장 모든 전원을 신재생에너지로 전환할 수 없는데다 화석연료를 사용하는 산업이 여전한 만큼, 화석연료 시대와 미래세대를 연결하는 기술로 탄소 포집 기술의 필요성이 제기되는 것이다. 탄소 포집 기술은 산업 현장에서 배출되거나 대기 중에 있는 이산화탄소(CO₂)를 포집해 지하에 영구히 저장하거나, 연료나 화학제품 등으로 활용하는 기술이다.    



한국석유공사 동해-1 가스 생산시설./뉴시스   탄소포집, 지구온난화 속도 늦출수 있을까  탄소포집 방식은 크게 △점원 탄소 포집(Point Emission)과 직접 공기 포집 (Direct Air Capture: DAC)으로 구분된다. 점원 탄소 포집은 다시 탄소포집 및 저장(CCS)와 탄소포집 및 활용(CCU)로 나뉜다. 점원 탄소 포집은 화력발전소나 제철소, 시멘트 공장과 같이 화석연료를 사용하면서 나쁜 매연을 뿜는 배출원에서 이산화탄소만 선택적으로 회수하는 포집 과정을 거치게 된다. 배출원에서 발생하는 이산화탄소가 일반적인 공기보다 CO₂ 농도가 더 짙기 때문에 포집이 더 쉽기 때문이다. 점원 탄소 포집 기술이 장착된 석탄 화력 발전소의 경우 최대 90%의 이산화탄소 발생을 줄일 수 있는 것으로 전해진다.   포집된 CO₂를 해수면 아래 등의 깊은 지하에 영구적으로 저장하면 CCS, 재활용해 사용하면 CCU가 되는 셈이다. 국내에서는 석유공사가 지난 2021년 생산을 멈춘 동해 가스전에 CO₂ 연간 120톤을 영구처분하는 실증사업을 추진중이다. 산업통상자원부는 이 사업의 경제적 타당성을 검증하는 예비타당성 조사를 지난 6월 과학기술정보통신부에 신청한 상태다.   DAC는 이미 대기중에 있는 이산화탄소 농도를 감소시키는 '탄소 내거티브(Carborn Nagative)'가 가능한 것이 장점이다. 대기중 이산화탄소 농도를 영구적으로 낮출 수 있고, 배출원이 아닌 여러 장소에 설치할 수 있다. 지난해 국제에너지기구(IEA)가 발표한 보고서에 따르면, 전 세계에서 15개의 DAC 프로젝트가 진행 중이다. 이 중 스위스의 클라임웍스(Climeworks)와 캐나다의 카본 엔지니어링(Carbon Engineering)이 가장 앞선 DAC기술을 갖고 있는 것으로 알려져있다. 다만 DAC 운용에 필요한 에너지와 물소비량은 상당히 큰 편이며, 이산화탄소 포집에 들어가는 비용도 여전히 높다는 점은 숙제다. DAC에 사용되는 에너지의 유형도 고려해야 한다. 연구자들은 DAC 기술이 상용화되면 2100년까지 전 세계 에너지 수요의 최대 4분의 1가량이 사용될 것으로 보고 있다. DAC에 신재생 에너지 및 폐열을 활용하지 않는다면 탄소포집 기술을 개발하고, 사용하는 의미가 사라진다는 지적이다.",파이낸셜뉴스
