제목,주소,조회수
OH MY GIRL(오마이걸) - Summer Comes(여름이 들려) @인기가요 inkigayo 20230806,https://www.youtube.com/watch?v=1rFMOWak3T0&pp=ygUM7Jik66eI7J206rG4,"44,348"
(MV)오마이걸(OH MY GIRL)_여름이 들려 (Summer Comes),https://www.youtube.com/watch?v=fNaKSu73w60&pp=ygUM7Jik66eI7J206rG4,"21,018,773"
[Playlist]믿고 듣는 오마이걸 플레이리스트🌊,https://www.youtube.com/watch?v=3-ecvMB9F9E&pp=ygUM7Jik66eI7J206rG4,"17,825"
한 페이지가 될 수 있게 - 오마이걸 (OH MY GIRL) [더 시즌즈-최정훈의 밤의공원] | KBS 230728 방송,https://www.youtube.com/watch?v=1ft4TdC_D00&pp=ygUM7Jik66eI7J206rG4,"197,043"
오마이걸 (OH MY GIRL) - 여름이 들려 (Summer Comes) 1시간 연속 재생 / 가사 / Lyrics,https://www.youtube.com/watch?v=NqdH-vvfXlU&pp=ygUM7Jik66eI7J206rG4,"7,873"
[ENG/JPN] 깔창 금지! 3인칭 화법 금지(ft.샤샤)! 8년 만에 쏟아져 나온 건의사항 | 아이돌 인간극장,https://www.youtube.com/watch?v=ZSX-J0Y1zAc&pp=ygUM7Jik66eI7J206rG4,"389,102"
학교 선배님의 딸이 여기에.... (Feat. 오마이걸),https://www.youtube.com/watch?v=YimNkd4TaKc&pp=ygUM7Jik66eI7J206rG4,"773,145"
오마이걸 노래모음 | OH MY GIRL PLAYLIST 2022,https://www.youtube.com/watch?v=qVpRAJ4xYXc&pp=ygUM7Jik66eI7J206rG4,"453,920"
오마이걸 (OH MY GIRL) - '여름이 들려 (Summer Comes)' Official Music Video,https://www.youtube.com/watch?v=9iOj8RLAeDA&pp=ygUM7Jik66eI7J206rG4,"127,606"
[라디오스타] 은은한 광기 뿅뿅🤩 오마이걸 미미의 예능 대세다운 너스레와 자동개인기 발사💘 | #미미 #엠뚜루마뚜루 MBC220831방송,https://www.youtube.com/watch?v=s1RQJrsc_Hw&pp=ygUM7Jik66eI7J206rG4,"4,653,156"
𝐏𝐥𝐚𝐲𝐥𝐢𝐬𝐭 무더운 여름 한방에 날려버릴  청량 시원한 오마이걸 노래 모음🐬,https://www.youtube.com/watch?v=1Mqd4R7s7PE&pp=ygUM7Jik66eI7J206rG4,"2,209"
"교내 방송에 등장한 오마이걸 | Dun Dun Dance, Dolphin, 비밀정원, 살짝 설렜어, BUNGEE, 여름이 들려  | 오디지 방송반",https://www.youtube.com/watch?v=vsNscTR5qso&pp=ygUM7Jik66eI7J206rG4,"240,210"
[ENG]＂승희 살짝.. 씁쓸한 느낌?＂ 원조 예능캐 승희(Seunghee) 눈물 고이게 만든 미미(Mimi)의 예능감｜아는 형님｜JTBC 230729 방송 외,https://www.youtube.com/watch?v=QdrJQ6lBGBE&pp=ygUM7Jik66eI7J206rG4,"452,022"
[EN] EP.16-2 오마이걸 2탄 | 고요속의 외침부터 라이어 게임까지 레전드 예능돌 옴망진창 등판에 퇴근 불가?! | 돌박이일 OH MY GIRL in 평창 [4K],https://www.youtube.com/watch?v=hsSVP9JFopw&pp=ygUM7Jik66eI7J206rG4,"57,226"
오마이걸(OH MY GIRL) - Celebrate (Practice ver.),https://www.youtube.com/watch?v=VkPJQvaH_5g&pp=ygUM7Jik66eI7J206rG4,"16,951"
2023 오마이걸과 함께하는 여름 나기 프로젝트☀️│여름이 들리면 난 게임을 해🎮 옴망진창 여름 게임 코너!,https://www.youtube.com/watch?v=ESalMzm8lNM&pp=ygUM7Jik66eI7J206rG4,"24,676"
'최초 공개' 오마이걸 - 여름이 들려 (Summer Comes) #엠카운트다운 EP.807 | Mnet 230727 방송,https://www.youtube.com/watch?v=kem-5ZzniMA&pp=ygUM7Jik66eI7J206rG4,"279,197"
오마이걸(OH MY GIRL) - 여름이 들려(Summer Comes) 교차편집(stage mix),https://www.youtube.com/watch?v=OUbz8qqSxog&pp=ygUM7Jik66eI7J206rG4,"84,213"
OH MY GIRL 오마이걸 노래모음 콘서트 Ver.(가사),https://www.youtube.com/watch?v=njm3OOTcZVE&pp=ygUM7Jik66eI7J206rG4,"6,177"
OH MY GIRL (오마이걸) - Summer Comes (여름이 들려) | Show! MusicCore | MBC230729방송,https://www.youtube.com/watch?v=joXh9gpaLQE&pp=ygUM7Jik66eI7J206rG4,"105,655"
IVE 아이브 'I WANT' MV,https://www.youtube.com/watch?v=okVTSehE414&pp=ygUM7Jik66eI7J206rG4,"13,857,925"
"에이핑크(Apink)의 킬링보이스를 라이브로! – Mr. Chu, NoNoNo, 1도 없어, D N D, LUV, 덤더럼, 몰라요, Remember, U You | 딩고뮤직",https://www.youtube.com/watch?v=tJGunpmi2wo&pp=ygUM7Jik66eI7J206rG4,"5,232,830"
"마마무(MAMAMOO)의 킬링보이스를 라이브로! - Mr.애매모호,너나 해,데칼코마니,별빛밤, I miss you,HIP, 고고베베, 딩가딩가, AYA ㅣ 딩고뮤직",https://www.youtube.com/watch?v=WvkTcNQsxzc&pp=ygUM7Jik66eI7J206rG4,"44,808,714"
[4K] 오마이걸(OH MY GIRL) “여름이 들려 (Summer Comes)” Band LIVE Concert │여름엔 역시 옴걸💙 [it’s KPOP LIVE 잇츠라이브],https://www.youtube.com/watch?v=Ke1j57rycDg&pp=ygUM7Jik66eI7J206rG4,"223,878"
[ENG]＂내가 이렇게 한다고?＂ 오마이걸(OH MY GIRL) 멤버들 따라 하기 전문가 승희(Seunghee)｜아는 형님｜JTBC 230729 방송 외,https://www.youtube.com/watch?v=EuOHux06mRM&pp=ygUM7Jik66eI7J206rG4,"566,323"
[릴레이댄스] 오마이걸(OH MY GIRL) - 여름이 들려 (Summer Comes) (4K),https://www.youtube.com/watch?v=hLbSx5488RA&pp=ygUM7Jik66eI7J206rG4,"272,785"
[ENG]얼굴만 봐도 울컥하는 승희(Seunghee)X아린(Arin)😥 말 없이도 느껴지는 진심에 눈물 바다 된 오마이걸(OH MY GIRL)｜아는 형님｜JTBC 230729 방송,https://www.youtube.com/watch?v=2ydRJcuE1pA&pp=ygUM7Jik66eI7J206rG4,"1,112,262"
[EN] EP.16-1 오마이걸 1탄 | 달려라 옴걸라이더!🏎 스포츠의 성지에서 찾아낸 동체시력 최강자?! | 돌박이일 OH MY GIRL in 평창 [4K],https://www.youtube.com/watch?v=YTATJLzL3pQ&pp=ygUM7Jik66eI7J206rG4,"77,221"
